time,x(t),interFaceType,Method,Resolution
2.36,0.66828851,isoSurface,Schrage,grid2
2.36,0.6695029600000002,isoSurface,explicitGrad,grid2
2.36,0.66959959,plicRDF,explicitGrad,grid2
2.36,0.6695965000000003,plicRDF,implicitGrad,grid2
2.36,0.6697128700000001,plicRDF,explicitGrad,grid3
2.36,0.67042683,isoSurface,Schrage,grid1
2.36,0.6683045100000002,plicRDF,Schrage,grid2
2.36,0.6698489299999999,plicRDF,implicitGrad,grid1
2.36,0.6695530700000001,isoSurface,implicitGrad,grid2
2.36,0.6695323999999998,plicRDF,explicitGrad,grid1
2.36,0.6692511500000002,plicRDF,Schrage,grid3
2.36,0.66963344,isoSurface,implicitGrad,grid1
2.36,0.66944857,isoSurface,explicitGrad,grid1
2.36,0.6694508500000003,plicRDF,implicitGrad,grid3
2.36,0.6694842800000003,isoSurface,explicitGrad,grid3
2.36,0.67047461,plicRDF,Schrage,grid1
2.36,0.6692697000000001,isoSurface,Schrage,grid3
2.36,0.6694164999999997,isoSurface,implicitGrad,grid3
3.36,0.8003443200000001,plicRDF,explicitGrad,grid1
3.36,0.8004360599999997,plicRDF,explicitGrad,grid3
3.36,0.8006415899999999,isoSurface,Schrage,grid2
3.36,0.80010073,plicRDF,Schrage,grid3
3.36,0.8067688100000003,isoSurface,Schrage,grid1
3.36,0.8001547599999996,isoSurface,explicitGrad,grid2
3.36,0.8006108000000004,plicRDF,Schrage,grid2
3.36,0.80032041,plicRDF,explicitGrad,grid2
3.36,0.8000636999999999,isoSurface,explicitGrad,grid3
3.36,0.8001628400000002,isoSurface,Schrage,grid3
3.36,0.8001030699999999,plicRDF,implicitGrad,grid2
3.36,0.79997028,isoSurface,implicitGrad,grid3
3.36,0.8064920699999997,plicRDF,Schrage,grid1
3.36,0.8002722499999999,isoSurface,implicitGrad,grid1
3.36,0.8000183,plicRDF,implicitGrad,grid3
3.36,0.8001092399999998,isoSurface,implicitGrad,grid2
3.36,0.7998673800000001,plicRDF,implicitGrad,grid1
3.36,0.8002606599999997,isoSurface,explicitGrad,grid1
4.36,0.9125759699999998,isoSurface,Schrage,grid1
4.36,0.9121874099999998,isoSurface,explicitGrad,grid2
4.36,0.9126555500000003,plicRDF,Schrage,grid1
4.36,0.9121157699999999,isoSurface,implicitGrad,grid2
4.36,0.9122775399999996,plicRDF,Schrage,grid2
4.36,0.9125995599999996,plicRDF,explicitGrad,grid3
4.36,0.91215409,plicRDF,implicitGrad,grid2
4.36,0.91209062,isoSurface,explicitGrad,grid3
4.36,0.9120414299999998,plicRDF,implicitGrad,grid3
4.36,0.9120264999999996,plicRDF,Schrage,grid3
4.36,0.9124658500000002,isoSurface,implicitGrad,grid1
4.36,0.9122303,isoSurface,Schrage,grid2
4.36,0.9120423800000002,isoSurface,Schrage,grid3
4.36,0.9124256499999998,plicRDF,explicitGrad,grid1
4.36,0.9119566500000001,isoSurface,implicitGrad,grid3
4.36,0.9124747899999999,plicRDF,explicitGrad,grid2
4.36,0.9127606500000002,plicRDF,implicitGrad,grid1
4.36,0.91227862,isoSurface,explicitGrad,grid1
5.36,1.0120635,plicRDF,Schrage,grid2
5.36,1.0122542,plicRDF,explicitGrad,grid2
5.36,1.0122989,plicRDF,explicitGrad,grid1
5.36,1.0116447,isoSurface,implicitGrad,grid3
5.36,1.0117631,isoSurface,Schrage,grid3
5.36,1.0120057000000002,isoSurface,Schrage,grid2
5.36,1.0166518000000002,isoSurface,Schrage,grid1
5.36,1.0119169999999997,isoSurface,explicitGrad,grid2
5.36,1.0164213999999998,plicRDF,Schrage,grid1
5.36,1.0124572000000003,isoSurface,implicitGrad,grid1
5.36,1.0124769999999996,isoSurface,explicitGrad,grid1
5.36,1.0124153999999996,plicRDF,explicitGrad,grid3
5.36,1.0118851,plicRDF,implicitGrad,grid2
5.36,1.0123974999999998,plicRDF,implicitGrad,grid1
5.36,1.0118329000000001,isoSurface,implicitGrad,grid2
5.36,1.0117467999999998,plicRDF,implicitGrad,grid3
5.36,1.0117481,plicRDF,Schrage,grid3
5.36,1.0117956000000001,isoSurface,explicitGrad,grid3
6.36,1.1032649999999997,plicRDF,Schrage,grid1
6.36,1.1032802000000002,plicRDF,implicitGrad,grid1
6.36,1.1029501999999998,isoSurface,implicitGrad,grid1
6.36,1.1033387999999997,isoSurface,Schrage,grid2
6.36,1.1024500999999998,isoSurface,implicitGrad,grid3
6.36,1.1028249,isoSurface,explicitGrad,grid2
6.36,1.1026238000000002,plicRDF,implicitGrad,grid2
6.36,1.1031585,isoSurface,Schrage,grid1
6.36,1.1027257999999998,isoSurface,implicitGrad,grid2
6.36,1.1030594999999999,plicRDF,explicitGrad,grid2
6.36,1.1024673,plicRDF,implicitGrad,grid3
6.36,1.1030443999999997,plicRDF,explicitGrad,grid1
6.36,1.1032425000000001,plicRDF,explicitGrad,grid3
6.36,1.1028296000000002,isoSurface,explicitGrad,grid1
6.36,1.1026648,plicRDF,Schrage,grid3
6.36,1.1032252,plicRDF,Schrage,grid2
6.36,1.1027836000000002,isoSurface,Schrage,grid3
6.36,1.102617,isoSurface,explicitGrad,grid3
7.36,1.1895372,isoSurface,Schrage,grid1
7.36,1.1901087,plicRDF,Schrage,grid1
7.36,1.1861587,isoSurface,implicitGrad,grid2
7.36,1.1862964999999999,isoSurface,explicitGrad,grid3
7.36,1.1870795,plicRDF,explicitGrad,grid3
7.36,1.1862120000000003,isoSurface,explicitGrad,grid1
7.36,1.1858834999999999,isoSurface,Schrage,grid2
7.36,1.1861371999999997,plicRDF,Schrage,grid3
7.36,1.1868733,plicRDF,explicitGrad,grid2
7.36,1.1861315999999997,isoSurface,implicitGrad,grid3
7.36,1.1862021999999999,isoSurface,explicitGrad,grid2
7.36,1.1864426000000001,isoSurface,implicitGrad,grid1
7.36,1.1861279,isoSurface,Schrage,grid3
7.36,1.1869432,plicRDF,explicitGrad,grid1
7.36,1.1862896999999997,plicRDF,implicitGrad,grid3
7.36,1.1872822000000003,plicRDF,implicitGrad,grid1
7.36,1.1865244999999998,plicRDF,implicitGrad,grid2
7.36,1.1862431999999998,plicRDF,Schrage,grid2
8.36,1.2651898,plicRDF,explicitGrad,grid2
8.36,1.2649679000000003,isoSurface,explicitGrad,grid1
8.36,1.2645105999999997,isoSurface,Schrage,grid3
8.36,1.2647527,isoSurface,explicitGrad,grid2
8.36,1.2652558999999999,plicRDF,explicitGrad,grid1
8.36,1.2645016,plicRDF,Schrage,grid3
8.36,1.2641319,isoSurface,Schrage,grid2
8.36,1.2659929,isoSurface,Schrage,grid1
8.36,1.2642095,plicRDF,Schrage,grid2
8.36,1.2654306000000004,plicRDF,explicitGrad,grid3
8.36,1.2645347999999998,plicRDF,implicitGrad,grid3
8.36,1.2643893999999998,isoSurface,implicitGrad,grid3
8.36,1.2645689000000002,isoSurface,explicitGrad,grid3
8.36,1.2646870000000003,isoSurface,implicitGrad,grid2
8.36,1.2647678,plicRDF,implicitGrad,grid2
8.36,1.2653339000000001,plicRDF,implicitGrad,grid1
8.36,1.2650054999999998,isoSurface,implicitGrad,grid1
8.36,1.2661209000000002,plicRDF,Schrage,grid1
9.36,1.3391558,plicRDF,explicitGrad,grid3
9.36,1.3382024000000001,isoSurface,explicitGrad,grid3
9.36,1.3384364,isoSurface,explicitGrad,grid2
9.36,1.3382393000000001,plicRDF,implicitGrad,grid3
9.36,1.3380265000000005,isoSurface,implicitGrad,grid3
9.36,1.3394351999999998,isoSurface,Schrage,grid1
9.36,1.3391578000000002,plicRDF,implicitGrad,grid1
9.36,1.3384420000000001,plicRDF,implicitGrad,grid2
9.36,1.3383462000000002,isoSurface,implicitGrad,grid2
9.36,1.3395922,plicRDF,Schrage,grid1
9.36,1.3381025000000002,plicRDF,Schrage,grid3
9.36,1.3386935999999998,isoSurface,explicitGrad,grid1
9.36,1.3379799999999997,isoSurface,Schrage,grid2
9.36,1.3389886000000002,plicRDF,explicitGrad,grid1
9.36,1.3380658999999995,plicRDF,Schrage,grid2
9.36,1.3389319999999996,plicRDF,explicitGrad,grid2
9.36,1.3380505,isoSurface,Schrage,grid3
9.36,1.3388234999999997,isoSurface,implicitGrad,grid1
10.36,1.4089688999999999,isoSurface,explicitGrad,grid1
10.36,1.4078879999999998,isoSurface,implicitGrad,grid3
10.36,1.4088400999999995,plicRDF,explicitGrad,grid2
10.36,1.4125943,isoSurface,Schrage,grid1
10.36,1.4123327999999997,plicRDF,Schrage,grid1
10.36,1.4084385999999998,isoSurface,explicitGrad,grid2
10.36,1.4088316,plicRDF,implicitGrad,grid1
10.36,1.4089264999999995,isoSurface,implicitGrad,grid1
10.36,1.4089185,plicRDF,explicitGrad,grid1
10.36,1.4080811999999996,isoSurface,explicitGrad,grid3
10.36,1.4080584999999999,plicRDF,implicitGrad,grid3
10.36,1.4087249999999998,isoSurface,Schrage,grid2
10.36,1.4091237000000005,plicRDF,explicitGrad,grid3
10.36,1.4081289999999995,plicRDF,Schrage,grid3
10.36,1.4086612999999997,plicRDF,Schrage,grid2
10.36,1.4081291000000005,isoSurface,Schrage,grid3
10.36,1.4082680000000005,plicRDF,implicitGrad,grid2
10.36,1.4083277,isoSurface,implicitGrad,grid2
11.36,1.475373,plicRDF,explicitGrad,grid2
11.36,1.4758511999999997,isoSurface,Schrage,grid1
11.36,1.4747422000000001,isoSurface,explicitGrad,grid2
11.36,1.4754502,plicRDF,explicitGrad,grid1
11.36,1.4744827,plicRDF,Schrage,grid3
11.36,1.4744208000000003,isoSurface,implicitGrad,grid3
11.36,1.4748621999999998,plicRDF,implicitGrad,grid2
11.36,1.4746633999999996,isoSurface,implicitGrad,grid2
11.36,1.4759996,plicRDF,Schrage,grid1
11.36,1.4744796,isoSurface,Schrage,grid3
11.36,1.4751105999999996,isoSurface,explicitGrad,grid1
11.36,1.4754465999999995,plicRDF,implicitGrad,grid1
11.36,1.4751421999999998,isoSurface,implicitGrad,grid1
11.36,1.4746138000000002,isoSurface,explicitGrad,grid3
11.36,1.4744913,plicRDF,Schrage,grid2
11.36,1.4757061,plicRDF,explicitGrad,grid3
11.36,1.4743174999999997,isoSurface,Schrage,grid2
11.36,1.4745972999999999,plicRDF,implicitGrad,grid3
12.36,1.5387916000000004,isoSurface,explicitGrad,grid1
12.36,1.5382097000000001,isoSurface,explicitGrad,grid3
12.36,1.5392089,plicRDF,implicitGrad,grid1
12.36,1.5390829000000004,plicRDF,explicitGrad,grid2
12.36,1.5383711,isoSurface,implicitGrad,grid2
12.36,1.5382616,plicRDF,implicitGrad,grid3
12.36,1.5380176,isoSurface,implicitGrad,grid3
12.36,1.5384913,plicRDF,implicitGrad,grid2
12.36,1.5381092,isoSurface,Schrage,grid2
12.36,1.5382107000000005,plicRDF,Schrage,grid2
12.36,1.5388926,isoSurface,implicitGrad,grid1
12.36,1.5381310999999998,plicRDF,Schrage,grid3
12.36,1.5394885,isoSurface,Schrage,grid1
12.36,1.5394043999999998,plicRDF,explicitGrad,grid3
12.36,1.5384731999999997,isoSurface,explicitGrad,grid2
12.36,1.5380668,isoSurface,Schrage,grid3
12.36,1.5396662999999997,plicRDF,Schrage,grid1
12.36,1.5391408000000002,plicRDF,explicitGrad,grid1
13.36,1.5993925000000002,plicRDF,implicitGrad,grid3
13.36,1.6040297,isoSurface,Schrage,grid1
13.36,1.5999906,isoSurface,implicitGrad,grid1
13.36,1.5997913000000001,plicRDF,Schrage,grid2
13.36,1.6039265999999999,plicRDF,Schrage,grid1
13.36,1.5995355,isoSurface,implicitGrad,grid2
13.36,1.6000532,plicRDF,implicitGrad,grid1
13.36,1.6003033999999994,plicRDF,explicitGrad,grid2
13.36,1.5992823999999999,isoSurface,Schrage,grid3
13.36,1.6000266,isoSurface,explicitGrad,grid1
13.36,1.5996814000000004,plicRDF,implicitGrad,grid2
13.36,1.5991517000000002,isoSurface,implicitGrad,grid3
13.36,1.600374,plicRDF,explicitGrad,grid1
13.36,1.6006374,plicRDF,explicitGrad,grid3
13.36,1.5996695999999992,isoSurface,Schrage,grid2
13.36,1.5993595000000003,isoSurface,explicitGrad,grid3
13.36,1.5993322,plicRDF,Schrage,grid3
13.36,1.5996116999999999,isoSurface,explicitGrad,grid2
14.36,1.6592185,plicRDF,explicitGrad,grid1
14.36,1.6582407999999997,plicRDF,implicitGrad,grid3
14.36,1.6580326000000003,isoSurface,implicitGrad,grid3
14.36,1.6599490999999997,isoSurface,Schrage,grid1
14.36,1.6584805,isoSurface,explicitGrad,grid2
14.36,1.6583838999999998,isoSurface,implicitGrad,grid2
14.36,1.6580317,isoSurface,Schrage,grid2
14.36,1.6581428000000005,plicRDF,Schrage,grid2
14.36,1.6590923999999996,plicRDF,implicitGrad,grid1
14.36,1.6583033000000003,plicRDF,Schrage,grid3
14.36,1.6588184999999993,isoSurface,implicitGrad,grid1
14.36,1.6591309,plicRDF,explicitGrad,grid2
14.36,1.6585159999999999,plicRDF,implicitGrad,grid2
14.36,1.6582443,isoSurface,explicitGrad,grid3
14.36,1.6595486999999993,plicRDF,explicitGrad,grid3
14.36,1.6582896999999994,isoSurface,Schrage,grid3
14.36,1.6601207,plicRDF,Schrage,grid1
14.36,1.6588194000000005,isoSurface,explicitGrad,grid1
15.36,1.7148802999999992,isoSurface,implicitGrad,grid3
15.36,1.7160885000000006,plicRDF,explicitGrad,grid1
15.36,1.7164339000000004,plicRDF,explicitGrad,grid3
15.36,1.7155667999999995,plicRDF,Schrage,grid2
15.36,1.7150941,isoSurface,explicitGrad,grid3
15.36,1.7161195,isoSurface,Schrage,grid1
15.36,1.7162910999999998,plicRDF,Schrage,grid1
15.36,1.7153425999999994,plicRDF,implicitGrad,grid2
15.36,1.7150512000000002,isoSurface,Schrage,grid3
15.36,1.7160241999999994,plicRDF,implicitGrad,grid1
15.36,1.7157593000000002,isoSurface,implicitGrad,grid1
15.36,1.7151961,isoSurface,implicitGrad,grid2
15.36,1.7160323,plicRDF,explicitGrad,grid2
15.36,1.7154466,isoSurface,Schrage,grid2
15.36,1.7150678000000008,plicRDF,Schrage,grid3
15.36,1.7153185,isoSurface,explicitGrad,grid2
15.36,1.7157024999999995,isoSurface,explicitGrad,grid1
15.36,1.7150948999999995,plicRDF,implicitGrad,grid3
16.36,1.7700283999999993,isoSurface,Schrage,grid3
16.36,1.7699691000000002,isoSurface,Schrage,grid2
16.36,1.7700504999999995,plicRDF,Schrage,grid3
16.36,1.7717075999999996,isoSurface,Schrage,grid1
16.36,1.7701061000000007,plicRDF,Schrage,grid2
16.36,1.7703183000000002,isoSurface,implicitGrad,grid1
16.36,1.7724616000000004,plicRDF,Schrage,grid1
16.36,1.7714978999999995,plicRDF,explicitGrad,grid3
16.36,1.7704135999999997,plicRDF,implicitGrad,grid2
16.36,1.7703448000000002,isoSurface,explicitGrad,grid2
16.36,1.7711447999999992,plicRDF,implicitGrad,grid1
16.36,1.7701182,isoSurface,explicitGrad,grid3
16.36,1.7699023999999999,isoSurface,implicitGrad,grid3
16.36,1.7702518000000005,isoSurface,implicitGrad,grid2
16.36,1.7710574000000003,plicRDF,explicitGrad,grid2
16.36,1.7702154999999995,isoSurface,explicitGrad,grid1
16.36,1.7711537,plicRDF,explicitGrad,grid1
16.36,1.7701240000000003,plicRDF,implicitGrad,grid3
17.36,1.8243177999999993,plicRDF,implicitGrad,grid1
17.36,1.8233695999999995,isoSurface,Schrage,grid3
17.36,1.8241051999999998,isoSurface,explicitGrad,grid1
17.36,1.8237499000000001,plicRDF,implicitGrad,grid2
17.36,1.8232629000000005,isoSurface,implicitGrad,grid3
17.36,1.8234923,plicRDF,implicitGrad,grid3
17.36,1.8244793000000008,plicRDF,explicitGrad,grid2
17.36,1.8237135999999998,isoSurface,explicitGrad,grid2
17.36,1.8235921,isoSurface,implicitGrad,grid2
17.36,1.8245711999999998,plicRDF,explicitGrad,grid1
17.36,1.8264288999999998,isoSurface,Schrage,grid1
17.36,1.8249007,plicRDF,explicitGrad,grid3
17.36,1.8240617000000006,isoSurface,implicitGrad,grid1
17.36,1.8266221000000002,plicRDF,Schrage,grid1
17.36,1.8236758999999996,isoSurface,Schrage,grid2
17.36,1.8234802000000003,isoSurface,explicitGrad,grid3
17.36,1.8233947000000004,plicRDF,Schrage,grid3
17.36,1.8238037999999994,plicRDF,Schrage,grid2
18.36,1.8753936000000004,plicRDF,Schrage,grid2
18.36,1.8752063000000003,isoSurface,Schrage,grid3
18.36,1.8759729000000005,isoSurface,implicitGrad,grid1
18.36,1.8759668,isoSurface,explicitGrad,grid1
18.36,1.8762220999999992,plicRDF,implicitGrad,grid1
18.36,1.8768000999999994,plicRDF,explicitGrad,grid3
18.36,1.8753240000000002,isoSurface,explicitGrad,grid3
18.36,1.8753817000000002,isoSurface,implicitGrad,grid2
18.36,1.8768753000000005,plicRDF,Schrage,grid1
18.36,1.8751697999999999,isoSurface,Schrage,grid2
18.36,1.8766822,isoSurface,Schrage,grid1
18.36,1.8752343000000002,plicRDF,Schrage,grid3
18.36,1.8763275000000001,plicRDF,explicitGrad,grid2
18.36,1.8756402000000003,plicRDF,implicitGrad,grid2
18.36,1.8764201999999996,plicRDF,explicitGrad,grid1
18.36,1.8753417999999995,plicRDF,implicitGrad,grid3
18.36,1.8751054,isoSurface,implicitGrad,grid3
18.36,1.8754797000000007,isoSurface,explicitGrad,grid2
19.36,1.9256547000000002,isoSurface,Schrage,grid3
19.36,1.9267432000000007,plicRDF,implicitGrad,grid1
19.36,1.9255515999999997,isoSurface,implicitGrad,grid3
19.36,1.9260917,plicRDF,Schrage,grid2
19.36,1.926014,isoSurface,explicitGrad,grid2
19.36,1.9273032000000008,plicRDF,explicitGrad,grid3
19.36,1.9271284999999998,plicRDF,Schrage,grid1
19.36,1.9259532000000001,isoSurface,Schrage,grid2
19.36,1.9257724000000003,isoSurface,explicitGrad,grid3
19.36,1.9269353999999999,isoSurface,Schrage,grid1
19.36,1.9268906000000006,plicRDF,explicitGrad,grid1
19.36,1.9265003999999997,isoSurface,implicitGrad,grid1
19.36,1.9260603000000005,plicRDF,implicitGrad,grid2
19.36,1.926449,isoSurface,explicitGrad,grid1
19.36,1.9268298999999998,plicRDF,explicitGrad,grid2
19.36,1.9256841999999998,plicRDF,Schrage,grid3
19.36,1.9257935000000006,plicRDF,implicitGrad,grid3
19.36,1.9258906999999996,isoSurface,implicitGrad,grid2
20.36,1.9751377999999995,isoSurface,implicitGrad,grid1
20.36,1.9747067999999999,isoSurface,implicitGrad,grid3
20.36,1.9765735999999998,isoSurface,Schrage,grid1
20.36,1.9750347,plicRDF,Schrage,grid2
20.36,1.9749312000000006,isoSurface,explicitGrad,grid3
20.36,1.9760870000000006,plicRDF,explicitGrad,grid1
20.36,1.9749999000000003,isoSurface,implicitGrad,grid2
20.36,1.9773818,plicRDF,Schrage,grid1
20.36,1.976498,plicRDF,explicitGrad,grid3
20.36,1.9752627000000005,plicRDF,implicitGrad,grid2
20.36,1.9748519999999996,plicRDF,Schrage,grid3
20.36,1.9750493,isoSurface,explicitGrad,grid1
20.36,1.9748186000000003,isoSurface,Schrage,grid3
20.36,1.9748072000000003,isoSurface,Schrage,grid2
20.36,1.9749568999999993,plicRDF,implicitGrad,grid3
20.36,1.9759859999999994,plicRDF,implicitGrad,grid1
20.36,1.9751018999999994,isoSurface,explicitGrad,grid2
20.36,1.9759932999999998,plicRDF,explicitGrad,grid2
21.36,2.0232989999999997,plicRDF,Schrage,grid2
21.36,2.0235762000000004,isoSurface,explicitGrad,grid1
21.36,2.0228311999999997,plicRDF,Schrage,grid3
21.36,2.0260052,plicRDF,Schrage,grid1
21.36,2.0229244000000004,plicRDF,implicitGrad,grid3
21.36,2.0231509,isoSurface,Schrage,grid2
21.36,2.0228947,isoSurface,explicitGrad,grid3
21.36,2.0227949,isoSurface,Schrage,grid3
21.36,2.0237610999999998,plicRDF,implicitGrad,grid1
21.36,2.0245129000000004,plicRDF,explicitGrad,grid3
21.36,2.0231978,plicRDF,implicitGrad,grid2
21.36,2.0231442,isoSurface,explicitGrad,grid2
21.36,2.0230172999999994,isoSurface,implicitGrad,grid2
21.36,2.0241245000000005,plicRDF,explicitGrad,grid1
21.36,2.0240075999999996,plicRDF,explicitGrad,grid2
21.36,2.0226669000000004,isoSurface,implicitGrad,grid3
21.36,2.0235278999999995,isoSurface,implicitGrad,grid1
21.36,2.0257896000000004,isoSurface,Schrage,grid1
22.36,2.0700017999999996,isoSurface,explicitGrad,grid2
22.36,2.0696911,isoSurface,Schrage,grid2
22.36,2.0697793000000004,plicRDF,implicitGrad,grid3
22.36,2.0708631,plicRDF,explicitGrad,grid2
22.36,2.0697460999999997,isoSurface,explicitGrad,grid3
22.36,2.0697099000000008,plicRDF,Schrage,grid3
22.36,2.0714200999999997,plicRDF,explicitGrad,grid3
22.36,2.0698967999999995,isoSurface,implicitGrad,grid2
22.36,2.0709805,plicRDF,explicitGrad,grid1
22.36,2.0706648000000003,plicRDF,implicitGrad,grid1
22.36,2.0704366,isoSurface,implicitGrad,grid1
22.36,2.0712534000000002,isoSurface,Schrage,grid1
22.36,2.0696694000000004,isoSurface,Schrage,grid3
22.36,2.0698535000000002,plicRDF,Schrage,grid2
22.36,2.0714688999999993,plicRDF,Schrage,grid1
22.36,2.0695151,isoSurface,implicitGrad,grid3
22.36,2.0704443000000006,isoSurface,explicitGrad,grid1
22.36,2.0700895,plicRDF,implicitGrad,grid2
23.36,2.1155204999999992,isoSurface,Schrage,grid3
23.36,2.1158162,isoSurface,explicitGrad,grid2
23.36,2.115979,isoSurface,Schrage,grid2
23.36,2.1167171,isoSurface,Schrage,grid1
23.36,2.1155596,isoSurface,explicitGrad,grid3
23.36,2.1161369,plicRDF,Schrage,grid2
23.36,2.1155960000000005,plicRDF,implicitGrad,grid3
23.36,2.1172831999999997,plicRDF,explicitGrad,grid3
23.36,2.1167264999999995,plicRDF,explicitGrad,grid2
23.36,2.1158782000000005,plicRDF,implicitGrad,grid2
23.36,2.1156843000000003,isoSurface,implicitGrad,grid2
23.36,2.1163171999999997,isoSurface,implicitGrad,grid1
23.36,2.1162870999999996,isoSurface,explicitGrad,grid1
23.36,2.1168118,plicRDF,explicitGrad,grid1
23.36,2.115325800000001,isoSurface,implicitGrad,grid3
23.36,2.1165403999999994,plicRDF,implicitGrad,grid1
23.36,2.1155646000000004,plicRDF,Schrage,grid3
23.36,2.1169327000000004,plicRDF,Schrage,grid1
24.36,2.1601639999999995,isoSurface,implicitGrad,grid3
24.36,2.1604663999999993,plicRDF,Schrage,grid3
24.36,2.1607556000000003,plicRDF,implicitGrad,grid2
24.36,2.1621735,plicRDF,explicitGrad,grid3
24.36,2.1604409,plicRDF,implicitGrad,grid3
24.36,2.1603999999999997,isoSurface,explicitGrad,grid3
24.36,2.1617558999999997,isoSurface,Schrage,grid1
24.36,2.1606784999999995,isoSurface,explicitGrad,grid2
24.36,2.1623963999999996,plicRDF,Schrage,grid1
24.36,2.1604175000000008,isoSurface,Schrage,grid3
24.36,2.1614528000000006,plicRDF,implicitGrad,grid1
24.36,2.1603671999999996,isoSurface,Schrage,grid2
24.36,2.1605251000000005,plicRDF,Schrage,grid2
24.36,2.1607626999999994,isoSurface,explicitGrad,grid1
24.36,2.1616827,plicRDF,explicitGrad,grid1
24.36,2.1605656999999994,isoSurface,implicitGrad,grid2
24.36,2.1608231,isoSurface,implicitGrad,grid1
24.36,2.1615701,plicRDF,explicitGrad,grid2
25.36,2.2052252000000006,isoSurface,Schrage,grid2
25.36,2.2083383999999997,isoSurface,Schrage,grid1
25.36,2.2051821000000005,plicRDF,Schrage,grid2
25.36,2.2057036000000005,plicRDF,explicitGrad,grid1
25.36,2.2055617999999995,plicRDF,explicitGrad,grid2
25.36,2.2043739,plicRDF,implicitGrad,grid3
25.36,2.2061489,plicRDF,explicitGrad,grid3
25.36,2.2044061,isoSurface,explicitGrad,grid3
25.36,2.2041748,isoSurface,implicitGrad,grid3
25.36,2.2052155,plicRDF,implicitGrad,grid1
25.36,2.2053341999999994,isoSurface,implicitGrad,grid1
25.36,2.2044963,isoSurface,Schrage,grid3
25.36,2.2046652000000004,isoSurface,implicitGrad,grid2
25.36,2.2044751,plicRDF,Schrage,grid3
25.36,2.2046618,plicRDF,implicitGrad,grid2
25.36,2.2048035000000006,isoSurface,explicitGrad,grid2
25.36,2.2053964999999995,isoSurface,explicitGrad,grid1
25.36,2.2081769,plicRDF,Schrage,grid1
26.36,2.2481133,isoSurface,implicitGrad,grid1
26.36,2.2476013,plicRDF,Schrage,grid2
26.36,2.2474346,isoSurface,Schrage,grid2
26.36,2.2473608,plicRDF,Schrage,grid3
26.36,2.2486311,plicRDF,explicitGrad,grid2
26.36,2.2487728,plicRDF,explicitGrad,grid1
26.36,2.2474691,plicRDF,implicitGrad,grid3
26.36,2.2481454,isoSurface,explicitGrad,grid1
26.36,2.2476810000000005,isoSurface,explicitGrad,grid2
26.36,2.2471872,isoSurface,Schrage,grid3
26.36,2.2470619000000003,isoSurface,implicitGrad,grid3
26.36,2.2496856,plicRDF,Schrage,grid1
26.36,2.247763,plicRDF,implicitGrad,grid2
26.36,2.2473001999999997,isoSurface,explicitGrad,grid3
26.36,2.2492055,plicRDF,explicitGrad,grid3
26.36,2.2494485999999996,isoSurface,Schrage,grid1
26.36,2.2483280000000003,plicRDF,implicitGrad,grid1
26.36,2.2475609999999997,isoSurface,implicitGrad,grid2
27.36,2.2915101000000004,plicRDF,explicitGrad,grid3
27.36,2.2909563000000004,isoSurface,Schrage,grid1
27.36,2.2900159999999996,plicRDF,Schrage,grid2
27.36,2.2911933000000007,plicRDF,Schrage,grid1
27.36,2.290427,isoSurface,implicitGrad,grid1
27.36,2.2896591,isoSurface,explicitGrad,grid2
27.36,2.2909001,plicRDF,explicitGrad,grid2
27.36,2.2895528,isoSurface,implicitGrad,grid2
27.36,2.2893556000000004,isoSurface,implicitGrad,grid3
27.36,2.2904262999999996,isoSurface,explicitGrad,grid1
27.36,2.2894580999999996,isoSurface,Schrage,grid3
27.36,2.2906377,plicRDF,implicitGrad,grid1
27.36,2.2895991,plicRDF,Schrage,grid3
27.36,2.2900629,plicRDF,implicitGrad,grid2
27.36,2.2897299999999996,plicRDF,implicitGrad,grid3
27.36,2.2895414000000005,isoSurface,Schrage,grid2
27.36,2.2895876,isoSurface,explicitGrad,grid3
27.36,2.2910423,plicRDF,explicitGrad,grid1
28.36,2.3309299,isoSurface,implicitGrad,grid3
28.36,2.3310424999999997,isoSurface,Schrage,grid3
28.36,2.3311017000000005,plicRDF,Schrage,grid3
28.36,2.3315234,plicRDF,implicitGrad,grid2
28.36,2.3324433,plicRDF,explicitGrad,grid2
28.36,2.3330467999999995,plicRDF,explicitGrad,grid3
28.36,2.3315417000000007,plicRDF,Schrage,grid2
28.36,2.3313078999999997,isoSurface,implicitGrad,grid2
28.36,2.3321884,plicRDF,implicitGrad,grid1
28.36,2.3312242999999997,plicRDF,implicitGrad,grid3
28.36,2.3327008999999994,plicRDF,Schrage,grid1
28.36,2.3319496999999996,isoSurface,explicitGrad,grid1
28.36,2.3319813999999996,isoSurface,implicitGrad,grid1
28.36,2.3325548999999994,plicRDF,explicitGrad,grid1
28.36,2.3313649,isoSurface,Schrage,grid2
28.36,2.3314367000000003,isoSurface,explicitGrad,grid2
28.36,2.3311687,isoSurface,explicitGrad,grid3
28.36,2.3324639000000005,isoSurface,Schrage,grid1
29.36,2.3720661,isoSurface,implicitGrad,grid2
29.36,2.3733738000000004,isoSurface,Schrage,grid1
29.36,2.3742086,plicRDF,Schrage,grid1
29.36,2.3721685000000003,isoSurface,explicitGrad,grid1
29.36,2.3722252999999998,isoSurface,implicitGrad,grid1
29.36,2.3730193000000006,plicRDF,implicitGrad,grid1
29.36,2.3721810999999997,isoSurface,explicitGrad,grid2
29.36,2.3733499000000005,plicRDF,explicitGrad,grid1
29.36,2.3732157,plicRDF,explicitGrad,grid2
29.36,2.3721508,plicRDF,Schrage,grid2
29.36,2.3738620999999998,plicRDF,explicitGrad,grid3
29.36,2.3723252,plicRDF,implicitGrad,grid2
29.36,2.3716909999999998,isoSurface,implicitGrad,grid3
29.36,2.3719339999999995,isoSurface,explicitGrad,grid3
29.36,2.3719333000000002,isoSurface,Schrage,grid2
29.36,2.3719927,plicRDF,implicitGrad,grid3
29.36,2.3719129999999997,plicRDF,Schrage,grid3
29.36,2.3718509,isoSurface,Schrage,grid3
30.36,2.4131368,isoSurface,implicitGrad,grid1
30.36,2.4120771,plicRDF,Schrage,grid3
30.36,2.4129547000000002,plicRDF,implicitGrad,grid1
30.36,2.4127307000000004,plicRDF,Schrage,grid2
30.36,2.4122856,isoSurface,explicitGrad,grid2
30.36,2.4123772,plicRDF,implicitGrad,grid2
30.36,2.413197,isoSurface,explicitGrad,grid1
30.36,2.4120724,plicRDF,implicitGrad,grid3
30.36,2.4120125999999997,isoSurface,Schrage,grid3
30.36,2.4135141,plicRDF,explicitGrad,grid1
30.36,2.4155665,isoSurface,Schrage,grid1
30.36,2.4117633999999994,isoSurface,implicitGrad,grid3
30.36,2.4125441999999997,isoSurface,Schrage,grid2
30.36,2.4133471999999996,plicRDF,explicitGrad,grid2
30.36,2.4139820999999997,plicRDF,explicitGrad,grid3
30.36,2.415457199999999,plicRDF,Schrage,grid1
30.36,2.4121477,isoSurface,implicitGrad,grid2
30.36,2.4120101000000003,isoSurface,explicitGrad,grid3
31.36,2.4515204999999995,isoSurface,explicitGrad,grid3
31.36,2.4516817,plicRDF,Schrage,grid2
31.36,2.4529374999999995,plicRDF,explicitGrad,grid1
31.36,2.4533839000000004,isoSurface,Schrage,grid1
31.36,2.4514978999999992,plicRDF,implicitGrad,grid3
31.36,2.4514951,isoSurface,Schrage,grid2
31.36,2.4534465999999995,plicRDF,explicitGrad,grid3
31.36,2.4518288,plicRDF,implicitGrad,grid2
31.36,2.4536420999999997,plicRDF,Schrage,grid1
31.36,2.452415,plicRDF,implicitGrad,grid1
31.36,2.4527707,plicRDF,explicitGrad,grid2
31.36,2.4515885,isoSurface,Schrage,grid3
31.36,2.4515697,plicRDF,Schrage,grid3
31.36,2.4521879,isoSurface,implicitGrad,grid1
31.36,2.452222,isoSurface,explicitGrad,grid1
31.36,2.4517259,isoSurface,explicitGrad,grid2
31.36,2.4512634,isoSurface,implicitGrad,grid3
31.36,2.4516027,isoSurface,implicitGrad,grid2
32.36,2.4901402999999998,isoSurface,Schrage,grid2
32.36,2.4901468999999996,isoSurface,explicitGrad,grid3
32.36,2.4917447,plicRDF,explicitGrad,grid1
32.36,2.4910339000000006,isoSurface,implicitGrad,grid1
32.36,2.4903177999999997,plicRDF,implicitGrad,grid3
32.36,2.4910401999999996,isoSurface,explicitGrad,grid1
32.36,2.4900191999999994,isoSurface,Schrage,grid3
32.36,2.4901308999999996,isoSurface,implicitGrad,grid2
32.36,2.4915688,isoSurface,Schrage,grid1
32.36,2.4902431000000007,isoSurface,explicitGrad,grid2
32.36,2.490663,plicRDF,implicitGrad,grid2
32.36,2.4918269999999993,plicRDF,Schrage,grid1
32.36,2.4901836999999993,plicRDF,Schrage,grid3
32.36,2.4922325,plicRDF,explicitGrad,grid3
32.36,2.4912573999999994,plicRDF,implicitGrad,grid1
32.36,2.4915777999999995,plicRDF,explicitGrad,grid2
32.36,2.4899058999999997,isoSurface,implicitGrad,grid3
32.36,2.4906326999999995,plicRDF,Schrage,grid2
33.36,2.5287271,isoSurface,explicitGrad,grid2
33.36,2.5304942999999995,plicRDF,explicitGrad,grid3
33.36,2.5299638,plicRDF,explicitGrad,grid1
33.36,2.5292698999999996,isoSurface,explicitGrad,grid1
33.36,2.5295099999999997,plicRDF,implicitGrad,grid1
33.36,2.5287187,isoSurface,Schrage,grid2
33.36,2.5288337000000003,plicRDF,implicitGrad,grid2
33.36,2.5284471999999996,isoSurface,explicitGrad,grid3
33.36,2.529753699999999,isoSurface,Schrage,grid1
33.36,2.5281997999999994,isoSurface,implicitGrad,grid3
33.36,2.528593699999999,isoSurface,implicitGrad,grid2
33.36,2.5289145,plicRDF,Schrage,grid2
33.36,2.5298253,plicRDF,explicitGrad,grid2
33.36,2.5285209999999996,plicRDF,implicitGrad,grid3
33.36,2.5283361,isoSurface,Schrage,grid3
33.36,2.5292898000000004,isoSurface,implicitGrad,grid1
33.36,2.5284058999999997,plicRDF,Schrage,grid3
33.36,2.5300119,plicRDF,Schrage,grid1
34.36,2.5676208,plicRDF,explicitGrad,grid1
34.36,2.5661415999999995,isoSurface,Schrage,grid2
34.36,2.5681858999999996,plicRDF,explicitGrad,grid3
34.36,2.5663373999999997,plicRDF,Schrage,grid2
34.36,2.5658265,isoSurface,implicitGrad,grid3
34.36,2.5681967999999995,plicRDF,Schrage,grid1
34.36,2.5664261000000006,isoSurface,explicitGrad,grid1
34.36,2.5663807999999997,isoSurface,explicitGrad,grid2
34.36,2.5674125999999995,isoSurface,Schrage,grid1
34.36,2.5660463,isoSurface,Schrage,grid3
34.36,2.5664975999999995,plicRDF,implicitGrad,grid2
34.36,2.5661189999999996,plicRDF,Schrage,grid3
34.36,2.5671988,plicRDF,implicitGrad,grid1
34.36,2.5662612,isoSurface,implicitGrad,grid2
34.36,2.5661558,plicRDF,implicitGrad,grid3
34.36,2.5674632,plicRDF,explicitGrad,grid2
34.36,2.5664673,isoSurface,implicitGrad,grid1
34.36,2.5660783,isoSurface,explicitGrad,grid3
35.36,2.6033364,plicRDF,Schrage,grid3
35.36,2.6032474000000003,plicRDF,implicitGrad,grid3
35.36,2.6068988,plicRDF,Schrage,grid1
35.36,2.6042766999999993,isoSurface,explicitGrad,grid1
35.36,2.6069931000000004,isoSurface,Schrage,grid1
35.36,2.6035002999999994,isoSurface,implicitGrad,grid2
35.36,2.6033611,isoSurface,Schrage,grid3
35.36,2.6041576999999996,plicRDF,implicitGrad,grid1
35.36,2.6047989,plicRDF,explicitGrad,grid1
35.36,2.6035626999999995,plicRDF,implicitGrad,grid2
35.36,2.6040874,plicRDF,Schrage,grid2
35.36,2.6042094000000002,isoSurface,implicitGrad,grid1
35.36,2.6053324,plicRDF,explicitGrad,grid3
35.36,2.603016,isoSurface,implicitGrad,grid3
35.36,2.6046147,plicRDF,explicitGrad,grid2
35.36,2.6036455999999997,isoSurface,explicitGrad,grid2
35.36,2.6032689,isoSurface,explicitGrad,grid3
35.36,2.6040786,isoSurface,Schrage,grid2
36.36,2.6398361000000006,plicRDF,implicitGrad,grid3
36.36,2.640155299999999,plicRDF,implicitGrad,grid2
36.36,2.6401199999999996,plicRDF,Schrage,grid2
36.36,2.6405141000000008,isoSurface,implicitGrad,grid1
36.36,2.6422613,plicRDF,Schrage,grid1
36.36,2.6419819,isoSurface,Schrage,grid1
36.36,2.640035499999999,isoSurface,explicitGrad,grid2
36.36,2.6399148999999995,isoSurface,Schrage,grid2
36.36,2.6396604,isoSurface,explicitGrad,grid3
36.36,2.6394143999999993,isoSurface,implicitGrad,grid3
36.36,2.6405603,isoSurface,explicitGrad,grid1
36.36,2.6418890999999998,plicRDF,explicitGrad,grid3
36.36,2.639905000000001,isoSurface,implicitGrad,grid2
36.36,2.6396994000000005,plicRDF,Schrage,grid3
36.36,2.640758100000001,plicRDF,implicitGrad,grid1
36.36,2.6395348,isoSurface,Schrage,grid3
36.36,2.6413653999999993,plicRDF,explicitGrad,grid1
36.36,2.6411822000000003,plicRDF,explicitGrad,grid2
37.36,2.6776160000000004,plicRDF,Schrage,grid1
37.36,2.6768635999999995,plicRDF,implicitGrad,grid1
37.36,2.6772561,plicRDF,explicitGrad,grid2
37.36,2.6762538,plicRDF,implicitGrad,grid2
37.36,2.67572,isoSurface,Schrage,grid3
37.36,2.675816599999999,isoSurface,Schrage,grid2
37.36,2.6758931,isoSurface,implicitGrad,grid2
37.36,2.6760114000000006,isoSurface,explicitGrad,grid2
37.36,2.6766449999999997,isoSurface,explicitGrad,grid1
37.36,2.677439399999999,plicRDF,explicitGrad,grid1
37.36,2.6755628000000002,isoSurface,implicitGrad,grid3
37.36,2.6780118999999996,plicRDF,explicitGrad,grid3
37.36,2.6758009,plicRDF,Schrage,grid3
37.36,2.6761302999999996,plicRDF,Schrage,grid2
37.36,2.6759038,plicRDF,implicitGrad,grid3
37.36,2.6758160000000006,isoSurface,explicitGrad,grid3
37.36,2.6773366,isoSurface,Schrage,grid1
37.36,2.6766228,isoSurface,implicitGrad,grid1
38.36,2.711144200000001,isoSurface,implicitGrad,grid3
38.36,2.7122564000000002,isoSurface,implicitGrad,grid1
38.36,2.711550100000001,isoSurface,implicitGrad,grid2
38.36,2.7121898,plicRDF,Schrage,grid2
38.36,2.7124941000000002,plicRDF,implicitGrad,grid1
38.36,2.7114146,isoSurface,Schrage,grid3
38.36,2.711498900000001,plicRDF,Schrage,grid3
38.36,2.7114916999999994,plicRDF,implicitGrad,grid3
38.36,2.7122555,isoSurface,explicitGrad,grid1
38.36,2.7136546999999998,plicRDF,explicitGrad,grid3
38.36,2.7126913,isoSurface,Schrage,grid1
38.36,2.7119752999999993,isoSurface,Schrage,grid2
38.36,2.7118151000000004,plicRDF,implicitGrad,grid2
38.36,2.712900099999999,plicRDF,explicitGrad,grid2
38.36,2.711400999999999,isoSurface,explicitGrad,grid3
38.36,2.7129706000000002,plicRDF,Schrage,grid1
38.36,2.7116922000000003,isoSurface,explicitGrad,grid2
38.36,2.7130395000000003,plicRDF,explicitGrad,grid1
39.36,2.7466397000000007,plicRDF,implicitGrad,grid3
39.36,2.7464074999999997,isoSurface,explicitGrad,grid3
39.36,2.7468901000000003,plicRDF,Schrage,grid2
39.36,2.7480278999999994,plicRDF,explicitGrad,grid2
39.36,2.747899500000001,isoSurface,Schrage,grid1
39.36,2.746675599999999,isoSurface,Schrage,grid2
39.36,2.7483253,plicRDF,Schrage,grid1
39.36,2.7472931,isoSurface,implicitGrad,grid1
39.36,2.746966600000001,plicRDF,implicitGrad,grid2
39.36,2.746287100000001,isoSurface,Schrage,grid3
39.36,2.748184,plicRDF,explicitGrad,grid1
39.36,2.746835,isoSurface,explicitGrad,grid2
39.36,2.7476675999999998,plicRDF,implicitGrad,grid1
39.36,2.7472734,isoSurface,explicitGrad,grid1
39.36,2.7465116999999997,plicRDF,Schrage,grid3
39.36,2.7467046,isoSurface,implicitGrad,grid2
39.36,2.7461511,isoSurface,implicitGrad,grid3
39.36,2.7487718000000005,plicRDF,explicitGrad,grid3
40.36,2.783679899999999,plicRDF,Schrage,grid1
40.36,2.7815231999999996,isoSurface,explicitGrad,grid1
40.36,2.7811981,isoSurface,implicitGrad,grid2
40.36,2.782401399999999,plicRDF,implicitGrad,grid1
40.36,2.781225500000001,isoSurface,explicitGrad,grid3
40.36,2.7811579000000006,isoSurface,Schrage,grid2
40.36,2.7835065999999995,plicRDF,explicitGrad,grid3
40.36,2.7809706000000003,isoSurface,implicitGrad,grid3
40.36,2.7827175,plicRDF,explicitGrad,grid2
40.36,2.781109399999999,isoSurface,Schrage,grid3
40.36,2.7815905,plicRDF,Schrage,grid2
40.36,2.7813215,plicRDF,implicitGrad,grid3
40.36,2.7828899000000007,plicRDF,explicitGrad,grid1
40.36,2.7815649,isoSurface,implicitGrad,grid1
40.36,2.7816792999999995,plicRDF,implicitGrad,grid2
40.36,2.7813169999999996,isoSurface,explicitGrad,grid2
40.36,2.7828080999999996,isoSurface,Schrage,grid1
40.36,2.7811986,plicRDF,Schrage,grid3
41.36,2.8154770999999994,isoSurface,explicitGrad,grid3
41.36,2.8165199000000003,plicRDF,implicitGrad,grid1
41.36,2.8187178999999998,plicRDF,Schrage,grid1
41.36,2.8152179,isoSurface,implicitGrad,grid3
41.36,2.8159058000000003,plicRDF,implicitGrad,grid2
41.36,2.8155449999999997,plicRDF,Schrage,grid3
41.36,2.8186855999999993,isoSurface,Schrage,grid1
41.36,2.8165993,isoSurface,implicitGrad,grid1
41.36,2.8162101000000006,plicRDF,Schrage,grid2
41.36,2.8157718,isoSurface,explicitGrad,grid2
41.36,2.817814799999999,plicRDF,explicitGrad,grid3
41.36,2.815986,isoSurface,Schrage,grid2
41.36,2.8166625000000005,isoSurface,explicitGrad,grid1
41.36,2.8156295,isoSurface,implicitGrad,grid2
41.36,2.8170252,plicRDF,explicitGrad,grid2
41.36,2.8154534999999994,isoSurface,Schrage,grid3
41.36,2.817225699999999,plicRDF,explicitGrad,grid1
41.36,2.815577,plicRDF,implicitGrad,grid3
42.36,2.8503939,plicRDF,implicitGrad,grid1
42.36,2.8517113,plicRDF,explicitGrad,grid3
42.36,2.8494683999999997,isoSurface,Schrage,grid2
42.36,2.8494415000000006,plicRDF,implicitGrad,grid3
42.36,2.8508704,plicRDF,explicitGrad,grid2
42.36,2.8491807,isoSurface,Schrage,grid3
42.36,2.8492991000000005,isoSurface,explicitGrad,grid3
42.36,2.8501790999999996,isoSurface,explicitGrad,grid1
42.36,2.8497733999999997,plicRDF,implicitGrad,grid2
42.36,2.8501345,isoSurface,implicitGrad,grid1
42.36,2.8496317,isoSurface,explicitGrad,grid2
42.36,2.8496925,plicRDF,Schrage,grid2
42.36,2.8513324,isoSurface,Schrage,grid1
42.36,2.8493181999999995,plicRDF,Schrage,grid3
42.36,2.8490306,isoSurface,implicitGrad,grid3
42.36,2.8516329000000002,plicRDF,Schrage,grid1
42.36,2.8495003000000008,isoSurface,implicitGrad,grid2
42.36,2.8510707,plicRDF,explicitGrad,grid1
43.36,2.8836182000000004,isoSurface,implicitGrad,grid1
43.36,2.883248,plicRDF,implicitGrad,grid2
43.36,2.8825224999999994,isoSurface,implicitGrad,grid3
43.36,2.8842474,isoSurface,Schrage,grid1
43.36,2.8836421000000003,isoSurface,explicitGrad,grid1
43.36,2.8827579999999995,plicRDF,Schrage,grid3
43.36,2.8827797999999993,isoSurface,explicitGrad,grid3
43.36,2.8845479,plicRDF,Schrage,grid1
43.36,2.8827043,isoSurface,Schrage,grid2
43.36,2.8831748999999998,plicRDF,Schrage,grid2
43.36,2.8838745999999995,plicRDF,implicitGrad,grid1
43.36,2.8851451,plicRDF,explicitGrad,grid3
43.36,2.882727500000001,isoSurface,implicitGrad,grid2
43.36,2.882848399999999,isoSurface,explicitGrad,grid2
43.36,2.8843230000000006,plicRDF,explicitGrad,grid2
43.36,2.8845235000000002,plicRDF,explicitGrad,grid1
43.36,2.8828861999999997,plicRDF,implicitGrad,grid3
43.36,2.8826622999999993,isoSurface,Schrage,grid3
44.36,2.9174339,plicRDF,explicitGrad,grid2
44.36,2.9161367,isoSurface,explicitGrad,grid2
44.36,2.9167219,isoSurface,implicitGrad,grid1
44.36,2.9158378999999996,isoSurface,explicitGrad,grid3
44.36,2.9162811999999994,plicRDF,implicitGrad,grid2
44.36,2.9169754,plicRDF,implicitGrad,grid1
44.36,2.915992999999999,isoSurface,implicitGrad,grid2
44.36,2.9158136000000003,isoSurface,Schrage,grid3
44.36,2.9182568999999994,plicRDF,explicitGrad,grid3
44.36,2.9163494,isoSurface,Schrage,grid2
44.36,2.916725799999999,isoSurface,explicitGrad,grid1
44.36,2.9165841000000006,plicRDF,Schrage,grid2
44.36,2.9155767999999997,isoSurface,implicitGrad,grid3
44.36,2.9159128,plicRDF,Schrage,grid3
44.36,2.915947799999999,plicRDF,implicitGrad,grid3
44.36,2.9171623999999996,isoSurface,Schrage,grid1
44.36,2.9175973,plicRDF,explicitGrad,grid1
44.36,2.9174629000000003,plicRDF,Schrage,grid1
45.36,2.9487105,isoSurface,implicitGrad,grid2
45.36,2.9497089,plicRDF,implicitGrad,grid1
45.36,2.9488439,isoSurface,explicitGrad,grid2
45.36,2.9503047999999996,plicRDF,explicitGrad,grid1
45.36,2.9484681999999998,isoSurface,explicitGrad,grid3
45.36,2.9510007,plicRDF,explicitGrad,grid3
45.36,2.9501269999999997,plicRDF,explicitGrad,grid2
45.36,2.9492704,isoSurface,explicitGrad,grid1
45.36,2.9483485000000003,isoSurface,Schrage,grid3
45.36,2.9482005999999994,isoSurface,implicitGrad,grid3
45.36,2.9498942,isoSurface,Schrage,grid1
45.36,2.9489954999999997,plicRDF,implicitGrad,grid2
45.36,2.949282599999999,isoSurface,implicitGrad,grid1
45.36,2.9489311000000002,plicRDF,Schrage,grid2
45.36,2.9486594,plicRDF,implicitGrad,grid3
45.36,2.9486965,isoSurface,Schrage,grid2
45.36,2.9503779,plicRDF,Schrage,grid1
45.36,2.9485312,plicRDF,Schrage,grid3
46.36,2.9812005,isoSurface,explicitGrad,grid1
46.36,2.9808576000000007,isoSurface,implicitGrad,grid2
46.36,2.9812780999999995,plicRDF,Schrage,grid2
46.36,2.9813552999999997,plicRDF,implicitGrad,grid2
46.36,2.9824658,plicRDF,explicitGrad,grid2
46.36,2.9823957999999995,isoSurface,Schrage,grid1
46.36,2.9833207,plicRDF,explicitGrad,grid3
46.36,2.9832929,plicRDF,Schrage,grid1
46.36,2.9808666,plicRDF,Schrage,grid3
46.36,2.9809895,plicRDF,implicitGrad,grid3
46.36,2.9806149999999993,isoSurface,implicitGrad,grid3
46.36,2.9808747999999996,isoSurface,explicitGrad,grid3
46.36,2.9812317999999998,isoSurface,implicitGrad,grid1
46.36,2.9820872,plicRDF,implicitGrad,grid1
46.36,2.9826579999999994,plicRDF,explicitGrad,grid1
46.36,2.980831900000001,isoSurface,Schrage,grid2
46.36,2.9809808999999996,isoSurface,explicitGrad,grid2
46.36,2.9807640999999996,isoSurface,Schrage,grid3
47.36,3.0128560999999996,isoSurface,explicitGrad,grid3
47.36,3.012964100000001,plicRDF,Schrage,grid3
47.36,3.0131573,isoSurface,explicitGrad,grid2
47.36,3.0128578999999993,isoSurface,Schrage,grid3
47.36,3.0141302,isoSurface,explicitGrad,grid1
47.36,3.0133125,plicRDF,implicitGrad,grid2
47.36,3.0161579,plicRDF,Schrage,grid1
47.36,3.0130126,isoSurface,implicitGrad,grid2
47.36,3.0144985,plicRDF,explicitGrad,grid2
47.36,3.014063099999999,isoSurface,implicitGrad,grid1
47.36,3.0129747,plicRDF,implicitGrad,grid3
47.36,3.0125922000000003,isoSurface,implicitGrad,grid3
47.36,3.0147234000000003,plicRDF,explicitGrad,grid1
47.36,3.0134252,isoSurface,Schrage,grid2
47.36,3.0161879000000003,isoSurface,Schrage,grid1
47.36,3.0136691,plicRDF,Schrage,grid2
47.36,3.015354,plicRDF,explicitGrad,grid3
47.36,3.0139416,plicRDF,implicitGrad,grid1
48.36,3.0461492000000003,plicRDF,explicitGrad,grid2
48.36,3.0442440000000013,isoSurface,Schrage,grid3
48.36,3.0463739000000003,plicRDF,explicitGrad,grid1
48.36,3.0445041,plicRDF,Schrage,grid3
48.36,3.0456181999999994,plicRDF,implicitGrad,grid1
48.36,3.0453931000000005,isoSurface,explicitGrad,grid1
48.36,3.044367999999999,isoSurface,explicitGrad,grid3
48.36,3.0449835000000003,plicRDF,implicitGrad,grid2
48.36,3.0447112999999995,isoSurface,Schrage,grid2
48.36,3.0446432000000003,plicRDF,implicitGrad,grid3
48.36,3.0449552999999994,plicRDF,Schrage,grid2
48.36,3.0441080999999994,isoSurface,implicitGrad,grid3
48.36,3.0446865000000005,isoSurface,implicitGrad,grid2
48.36,3.0469952,plicRDF,explicitGrad,grid3
48.36,3.0469482,plicRDF,Schrage,grid1
48.36,3.0448216,isoSurface,explicitGrad,grid2
48.36,3.0466268,isoSurface,Schrage,grid1
48.36,3.0453424,isoSurface,implicitGrad,grid1
49.36,3.0757524,isoSurface,Schrage,grid3
49.36,3.0763325000000004,plicRDF,implicitGrad,grid2
49.36,3.0758615999999996,plicRDF,Schrage,grid3
49.36,3.0762415,plicRDF,Schrage,grid2
49.36,3.0777384000000008,plicRDF,Schrage,grid1
49.36,3.0759642,plicRDF,implicitGrad,grid3
49.36,3.0758874999999994,isoSurface,Schrage,grid2
49.36,3.0783658,plicRDF,explicitGrad,grid3
49.36,3.076731999999999,isoSurface,explicitGrad,grid1
49.36,3.0758406000000003,isoSurface,explicitGrad,grid3
49.36,3.0769725,plicRDF,implicitGrad,grid1
49.36,3.0760498999999992,isoSurface,explicitGrad,grid2
49.36,3.0755779999999993,isoSurface,implicitGrad,grid3
49.36,3.0766995000000006,isoSurface,implicitGrad,grid1
49.36,3.0774782000000003,plicRDF,explicitGrad,grid2
49.36,3.077416999999999,isoSurface,Schrage,grid1
49.36,3.0777029000000002,plicRDF,explicitGrad,grid1
49.36,3.0759243999999994,isoSurface,implicitGrad,grid2
50.36,3.1080142000000004,plicRDF,implicitGrad,grid1
50.36,3.1082072999999992,isoSurface,Schrage,grid1
50.36,3.1085287000000004,plicRDF,Schrage,grid1
50.36,3.106970899999999,plicRDF,implicitGrad,grid3
50.36,3.1073135,plicRDF,implicitGrad,grid2
50.36,3.1085421,plicRDF,explicitGrad,grid2
50.36,3.1077587000000007,isoSurface,explicitGrad,grid1
50.36,3.107709100000001,isoSurface,Schrage,grid2
50.36,3.1077768,plicRDF,Schrage,grid2
50.36,3.1065768,isoSurface,implicitGrad,grid3
50.36,3.107342999999999,isoSurface,explicitGrad,grid2
50.36,3.1068435999999995,isoSurface,explicitGrad,grid3
50.36,3.106904899999999,isoSurface,Schrage,grid3
50.36,3.1094199,plicRDF,explicitGrad,grid3
50.36,3.107743900000001,isoSurface,implicitGrad,grid1
50.36,3.1071988,isoSurface,implicitGrad,grid2
50.36,3.1087201,plicRDF,explicitGrad,grid1
50.36,3.1070178,plicRDF,Schrage,grid3
51.36,3.139434500000001,plicRDF,explicitGrad,grid1
51.36,3.1372551,isoSurface,implicitGrad,grid3
51.36,3.1392437,plicRDF,explicitGrad,grid2
51.36,3.140112600000001,plicRDF,explicitGrad,grid3
51.36,3.1384616999999997,isoSurface,explicitGrad,grid1
51.36,3.1373932,isoSurface,Schrage,grid3
51.36,3.137863400000001,isoSurface,explicitGrad,grid2
51.36,3.1376898000000004,plicRDF,implicitGrad,grid3
51.36,3.1393190000000013,plicRDF,Schrage,grid1
51.36,3.1389726999999996,isoSurface,Schrage,grid1
51.36,3.1387524,plicRDF,implicitGrad,grid1
51.36,3.1384638999999996,isoSurface,implicitGrad,grid1
51.36,3.137818600000001,isoSurface,Schrage,grid2
51.36,3.1375141,isoSurface,explicitGrad,grid3
51.36,3.1375503,plicRDF,Schrage,grid3
51.36,3.137724000000001,isoSurface,implicitGrad,grid2
51.36,3.1380721,plicRDF,Schrage,grid2
51.36,3.1380345999999992,plicRDF,implicitGrad,grid2
52.36,3.1705612000000003,plicRDF,explicitGrad,grid3
52.36,3.1683866999999997,isoSurface,implicitGrad,grid1
52.36,3.1696514000000007,plicRDF,explicitGrad,grid2
52.36,3.1679586,isoSurface,explicitGrad,grid3
52.36,3.1683706999999997,isoSurface,explicitGrad,grid1
52.36,3.1680916999999997,plicRDF,implicitGrad,grid3
52.36,3.167693300000001,isoSurface,implicitGrad,grid3
52.36,3.168107900000001,isoSurface,Schrage,grid2
52.36,3.1692353,isoSurface,Schrage,grid1
52.36,3.16828,isoSurface,explicitGrad,grid2
52.36,3.167920800000001,isoSurface,Schrage,grid3
52.36,3.168150299999999,isoSurface,implicitGrad,grid2
52.36,3.1691959,plicRDF,implicitGrad,grid1
52.36,3.1680374999999987,plicRDF,Schrage,grid3
52.36,3.1684617,plicRDF,implicitGrad,grid2
52.36,3.1698549000000003,plicRDF,explicitGrad,grid1
52.36,3.1701092,plicRDF,Schrage,grid1
52.36,3.1683648,plicRDF,Schrage,grid2
53.36,3.1977215,isoSurface,implicitGrad,grid3
53.36,3.1993529,plicRDF,implicitGrad,grid1
53.36,3.1982247999999998,plicRDF,implicitGrad,grid3
53.36,3.198602799999999,plicRDF,implicitGrad,grid2
53.36,3.199001,isoSurface,explicitGrad,grid1
53.36,3.201297200000001,plicRDF,Schrage,grid1
53.36,3.2009845999999986,isoSurface,Schrage,grid1
53.36,3.1978693000000007,isoSurface,Schrage,grid3
53.36,3.2007251000000005,plicRDF,explicitGrad,grid3
53.36,3.1981954,isoSurface,implicitGrad,grid2
53.36,3.198657399999999,plicRDF,Schrage,grid2
53.36,3.1990353,isoSurface,implicitGrad,grid1
53.36,3.1997735999999994,plicRDF,explicitGrad,grid2
53.36,3.1980872999999996,plicRDF,Schrage,grid3
53.36,3.199949,plicRDF,explicitGrad,grid1
53.36,3.198325600000001,isoSurface,explicitGrad,grid2
53.36,3.1983091,isoSurface,Schrage,grid2
53.36,3.1979926,isoSurface,explicitGrad,grid3
54.36,3.2285506,plicRDF,Schrage,grid2
54.36,3.2279418000000013,plicRDF,Schrage,grid3
54.36,3.2282220000000006,isoSurface,explicitGrad,grid2
54.36,3.2278213000000004,isoSurface,Schrage,grid3
54.36,3.230420800000001,isoSurface,Schrage,grid1
54.36,3.2298882999999994,plicRDF,explicitGrad,grid1
54.36,3.2279172,isoSurface,explicitGrad,grid3
54.36,3.2282866,isoSurface,Schrage,grid2
54.36,3.2288175000000012,isoSurface,explicitGrad,grid1
54.36,3.2296555,plicRDF,explicitGrad,grid2
54.36,3.2280789,isoSurface,implicitGrad,grid2
54.36,3.228754200000001,isoSurface,implicitGrad,grid1
54.36,3.2307628000000013,plicRDF,Schrage,grid1
54.36,3.2276519999999995,isoSurface,implicitGrad,grid3
54.36,3.2305462,plicRDF,explicitGrad,grid3
54.36,3.2280553999999992,plicRDF,implicitGrad,grid3
54.36,3.2290482000000007,plicRDF,implicitGrad,grid1
54.36,3.2284032,plicRDF,implicitGrad,grid2
55.36,3.2586344000000014,plicRDF,implicitGrad,grid1
55.36,3.2596860999999997,plicRDF,Schrage,grid1
55.36,3.2577977,isoSurface,explicitGrad,grid2
55.36,3.2593439999999996,isoSurface,Schrage,grid1
55.36,3.258342999999999,isoSurface,implicitGrad,grid1
55.36,3.260150900000001,plicRDF,explicitGrad,grid3
55.36,3.2576469000000006,isoSurface,Schrage,grid2
55.36,3.2594511999999995,plicRDF,explicitGrad,grid1
55.36,3.2576631000000003,isoSurface,implicitGrad,grid2
55.36,3.2579847000000006,plicRDF,implicitGrad,grid2
55.36,3.2592184,plicRDF,explicitGrad,grid2
55.36,3.2572023999999997,isoSurface,implicitGrad,grid3
55.36,3.257651,plicRDF,Schrage,grid3
55.36,3.2575259,isoSurface,Schrage,grid3
55.36,3.2574719999999995,isoSurface,explicitGrad,grid3
55.36,3.25839,isoSurface,explicitGrad,grid1
55.36,3.2576142000000012,plicRDF,implicitGrad,grid3
55.36,3.2579109000000006,plicRDF,Schrage,grid2
56.36,3.2864862000000006,isoSurface,implicitGrad,grid3
56.36,3.2872711999999993,plicRDF,Schrage,grid2
56.36,3.2867845000000004,plicRDF,Schrage,grid3
56.36,3.2867488000000007,isoSurface,explicitGrad,grid3
56.36,3.2867081000000002,isoSurface,Schrage,grid2
56.36,3.286809500000001,isoSurface,explicitGrad,grid2
56.36,3.2885187,plicRDF,explicitGrad,grid2
56.36,3.2879575000000005,plicRDF,implicitGrad,grid1
56.36,3.2866289999999996,isoSurface,Schrage,grid3
56.36,3.2876687000000007,isoSurface,implicitGrad,grid1
56.36,3.2876997,isoSurface,explicitGrad,grid1
56.36,3.2869251999999993,plicRDF,implicitGrad,grid3
56.36,3.2873033,plicRDF,implicitGrad,grid2
56.36,3.2894373000000012,plicRDF,explicitGrad,grid3
56.36,3.2882672,isoSurface,Schrage,grid1
56.36,3.2866821,isoSurface,implicitGrad,grid2
56.36,3.2887517000000015,plicRDF,explicitGrad,grid1
56.36,3.2886093000000014,plicRDF,Schrage,grid1
57.36,3.3167381000000007,isoSurface,implicitGrad,grid1
57.36,3.3163085999999984,plicRDF,implicitGrad,grid2
57.36,3.3159191000000012,plicRDF,Schrage,grid3
57.36,3.316626500000001,plicRDF,Schrage,grid2
57.36,3.3171904999999997,isoSurface,Schrage,grid1
57.36,3.315958700000001,plicRDF,implicitGrad,grid3
57.36,3.3175325,plicRDF,Schrage,grid1
57.36,3.316352100000001,isoSurface,Schrage,grid2
57.36,3.3170244,plicRDF,implicitGrad,grid1
57.36,3.3176036,plicRDF,explicitGrad,grid2
57.36,3.3177964999999996,plicRDF,explicitGrad,grid1
57.36,3.3157897999999997,isoSurface,Schrage,grid3
57.36,3.3185161000000014,plicRDF,explicitGrad,grid3
57.36,3.315970699999999,isoSurface,implicitGrad,grid2
57.36,3.3155417000000003,isoSurface,implicitGrad,grid3
57.36,3.3167537000000005,isoSurface,explicitGrad,grid1
57.36,3.3161187,isoSurface,explicitGrad,grid2
57.36,3.3158114,isoSurface,explicitGrad,grid3
58.36,3.3459997,isoSurface,Schrage,grid1
58.36,3.3449158000000003,isoSurface,explicitGrad,grid2
58.36,3.3451101000000003,plicRDF,Schrage,grid2
58.36,3.344189300000001,isoSurface,implicitGrad,grid3
58.36,3.345452200000001,isoSurface,explicitGrad,grid1
58.36,3.345449,isoSurface,implicitGrad,grid1
58.36,3.3446130999999997,plicRDF,Schrage,grid3
58.36,3.3448358000000007,isoSurface,Schrage,grid2
58.36,3.3464557000000004,plicRDF,Schrage,grid1
58.36,3.3447758000000003,isoSurface,implicitGrad,grid2
58.36,3.3458417,plicRDF,implicitGrad,grid1
58.36,3.344455699999999,isoSurface,explicitGrad,grid3
58.36,3.3447594000000005,plicRDF,implicitGrad,grid3
58.36,3.347292500000001,plicRDF,explicitGrad,grid3
58.36,3.3451110999999996,plicRDF,implicitGrad,grid2
58.36,3.346388200000001,plicRDF,explicitGrad,grid2
58.36,3.3443297000000003,isoSurface,Schrage,grid3
58.36,3.3465922999999997,plicRDF,explicitGrad,grid1
59.36,3.3753789,plicRDF,Schrage,grid1
59.36,3.3735323000000004,isoSurface,implicitGrad,grid1
59.36,3.3728714999999996,isoSurface,implicitGrad,grid3
59.36,3.3732028000000005,plicRDF,Schrage,grid3
59.36,3.373258099999999,isoSurface,Schrage,grid2
59.36,3.3749302000000005,plicRDF,explicitGrad,grid2
59.36,3.3731411,isoSurface,explicitGrad,grid3
59.36,3.3732938999999997,plicRDF,implicitGrad,grid3
59.36,3.3730703000000006,isoSurface,Schrage,grid3
59.36,3.375145400000001,plicRDF,explicitGrad,grid1
59.36,3.3744157000000006,plicRDF,implicitGrad,grid1
59.36,3.374431499999999,isoSurface,Schrage,grid1
59.36,3.3758716,plicRDF,explicitGrad,grid3
59.36,3.3735208000000014,isoSurface,explicitGrad,grid1
59.36,3.3735938,plicRDF,Schrage,grid2
59.36,3.3732733,isoSurface,implicitGrad,grid2
59.36,3.3736707,plicRDF,implicitGrad,grid2
59.36,3.3734055999999994,isoSurface,explicitGrad,grid2
60.36,3.401590400000001,plicRDF,implicitGrad,grid3
60.36,3.4015231,isoSurface,explicitGrad,grid3
60.36,3.4035297999999994,plicRDF,explicitGrad,grid1
60.36,3.4012417000000013,isoSurface,implicitGrad,grid3
60.36,3.4019428000000014,plicRDF,implicitGrad,grid2
60.36,3.401883299999999,isoSurface,explicitGrad,grid2
60.36,3.402227700000001,isoSurface,Schrage,grid2
60.36,3.4025090999999996,isoSurface,implicitGrad,grid1
60.36,3.4016044000000005,plicRDF,Schrage,grid3
60.36,3.4049766999999997,plicRDF,Schrage,grid1
60.36,3.4015498,isoSurface,Schrage,grid3
60.36,3.403280500000001,plicRDF,explicitGrad,grid2
60.36,3.4042125,plicRDF,explicitGrad,grid3
60.36,3.4017260000000005,isoSurface,implicitGrad,grid2
60.36,3.4025977999999992,plicRDF,implicitGrad,grid1
60.36,3.4023833999999997,plicRDF,Schrage,grid2
60.36,3.4049160000000005,isoSurface,Schrage,grid1
60.36,3.4025854000000004,isoSurface,explicitGrad,grid1
61.36,3.429670099999999,plicRDF,implicitGrad,grid3
61.36,3.4313436999999993,plicRDF,explicitGrad,grid2
61.36,3.4315901,plicRDF,explicitGrad,grid1
61.36,3.4304349000000007,isoSurface,explicitGrad,grid1
61.36,3.4295475999999994,plicRDF,Schrage,grid3
61.36,3.429674600000001,isoSurface,implicitGrad,grid2
61.36,3.4323200000000003,plicRDF,Schrage,grid1
61.36,3.4301663000000002,plicRDF,Schrage,grid2
61.36,3.4292433000000004,isoSurface,implicitGrad,grid3
61.36,3.432269100000001,plicRDF,explicitGrad,grid3
61.36,3.4303699,isoSurface,implicitGrad,grid1
61.36,3.4319569000000003,isoSurface,Schrage,grid1
61.36,3.4298816999999984,isoSurface,Schrage,grid2
61.36,3.4298205,isoSurface,explicitGrad,grid2
61.36,3.430682499999999,plicRDF,implicitGrad,grid1
61.36,3.4295126999999983,isoSurface,explicitGrad,grid3
61.36,3.4294112000000005,isoSurface,Schrage,grid3
61.36,3.4300238000000007,plicRDF,implicitGrad,grid2
62.36,3.4591830999999993,plicRDF,explicitGrad,grid2
62.36,3.4585429000000003,plicRDF,implicitGrad,grid1
62.36,3.4578241,plicRDF,Schrage,grid2
62.36,3.4576719000000002,isoSurface,explicitGrad,grid2
62.36,3.4573429,isoSurface,explicitGrad,grid3
62.36,3.459429399999999,plicRDF,explicitGrad,grid1
62.36,3.4582833,isoSurface,explicitGrad,grid1
62.36,3.4575395,isoSurface,Schrage,grid2
62.36,3.457533499999999,isoSurface,implicitGrad,grid2
62.36,3.460161699999999,plicRDF,explicitGrad,grid3
62.36,3.459226599999999,isoSurface,Schrage,grid1
62.36,3.4575371,plicRDF,Schrage,grid3
62.36,3.457396699999999,isoSurface,Schrage,grid3
62.36,3.457504399999999,plicRDF,implicitGrad,grid3
62.36,3.4582328,isoSurface,implicitGrad,grid1
62.36,3.45707,isoSurface,implicitGrad,grid3
62.36,3.4578801,plicRDF,implicitGrad,grid2
62.36,3.4595896,plicRDF,Schrage,grid1
63.36,3.486496200000001,isoSurface,Schrage,grid1
63.36,3.4855166000000004,plicRDF,implicitGrad,grid2
63.36,3.4854819000000017,plicRDF,Schrage,grid2
63.36,3.4870491,plicRDF,explicitGrad,grid1
63.36,3.4849170999999988,isoSurface,Schrage,grid2
63.36,3.4849637999999996,isoSurface,explicitGrad,grid3
63.36,3.4848893999999984,isoSurface,implicitGrad,grid2
63.36,3.4848471,isoSurface,Schrage,grid3
63.36,3.4850207,isoSurface,explicitGrad,grid2
63.36,3.4868029000000007,plicRDF,explicitGrad,grid2
63.36,3.4858757000000016,isoSurface,implicitGrad,grid1
63.36,3.4868592999999994,plicRDF,Schrage,grid1
63.36,3.484994399999999,plicRDF,Schrage,grid3
63.36,3.484697299999999,isoSurface,implicitGrad,grid3
63.36,3.4877689,plicRDF,explicitGrad,grid3
63.36,3.4861833000000004,plicRDF,implicitGrad,grid1
63.36,3.4851342999999995,plicRDF,implicitGrad,grid3
63.36,3.4859120000000003,isoSurface,explicitGrad,grid1
64.36,3.5125214000000007,isoSurface,implicitGrad,grid2
64.36,3.515220800000001,plicRDF,explicitGrad,grid3
64.36,3.5128843999999995,plicRDF,implicitGrad,grid2
64.36,3.5125145000000004,plicRDF,Schrage,grid3
64.36,3.514454399999999,plicRDF,explicitGrad,grid1
64.36,3.5142458999999997,plicRDF,explicitGrad,grid2
64.36,3.5141288999999984,plicRDF,Schrage,grid1
64.36,3.5136089,plicRDF,implicitGrad,grid1
64.36,3.512088500000001,isoSurface,implicitGrad,grid3
64.36,3.5129663999999994,isoSurface,Schrage,grid2
64.36,3.5123708,isoSurface,Schrage,grid3
64.36,3.513326099999999,isoSurface,explicitGrad,grid1
64.36,3.5126723999999996,isoSurface,explicitGrad,grid2
64.36,3.5123617000000005,isoSurface,explicitGrad,grid3
64.36,3.5137657999999994,isoSurface,Schrage,grid1
64.36,3.5132611999999996,plicRDF,Schrage,grid2
64.36,3.5133036000000013,isoSurface,implicitGrad,grid1
64.36,3.5125282999999996,plicRDF,implicitGrad,grid3
65.36,3.5413985000000006,plicRDF,Schrage,grid1
65.36,3.5423987999999995,plicRDF,explicitGrad,grid3
65.36,3.5414319000000005,plicRDF,explicitGrad,grid2
65.36,3.5404911000000006,isoSurface,explicitGrad,grid1
65.36,3.5401399000000007,plicRDF,Schrage,grid2
65.36,3.5400867,plicRDF,implicitGrad,grid2
65.36,3.5395801000000016,plicRDF,Schrage,grid3
65.36,3.539870200000001,isoSurface,explicitGrad,grid2
65.36,3.5397262000000005,isoSurface,implicitGrad,grid2
65.36,3.539845100000001,isoSurface,Schrage,grid2
65.36,3.539728499999999,plicRDF,implicitGrad,grid3
65.36,3.5394737999999983,isoSurface,explicitGrad,grid3
65.36,3.5408244999999994,plicRDF,implicitGrad,grid1
65.36,3.5416502000000007,plicRDF,explicitGrad,grid1
65.36,3.5404820999999993,isoSurface,implicitGrad,grid1
65.36,3.5393523,isoSurface,Schrage,grid3
65.36,3.5409908,isoSurface,Schrage,grid1
65.36,3.5392086000000007,isoSurface,implicitGrad,grid3
66.36,3.5694292000000014,plicRDF,explicitGrad,grid3
66.36,3.5684132,plicRDF,explicitGrad,grid2
66.36,3.568641300000001,plicRDF,explicitGrad,grid1
66.36,3.567011100000001,isoSurface,implicitGrad,grid1
66.36,3.5670842000000005,plicRDF,implicitGrad,grid2
66.36,3.5666544000000004,plicRDF,Schrage,grid3
66.36,3.5678348000000004,plicRDF,implicitGrad,grid1
66.36,3.5667236000000013,isoSurface,Schrage,grid2
66.36,3.5668630999999995,isoSurface,explicitGrad,grid2
66.36,3.5686682000000003,plicRDF,Schrage,grid1
66.36,3.5665308000000002,isoSurface,explicitGrad,grid3
66.36,3.5670093,isoSurface,explicitGrad,grid1
66.36,3.5677735999999998,isoSurface,Schrage,grid1
66.36,3.566726300000001,isoSurface,implicitGrad,grid2
66.36,3.567018399999999,plicRDF,Schrage,grid2
66.36,3.566257699999999,isoSurface,implicitGrad,grid3
66.36,3.5667020999999997,plicRDF,implicitGrad,grid3
66.36,3.5665073,isoSurface,Schrage,grid3
67.36,3.595322900000001,isoSurface,Schrage,grid1
67.36,3.5930472999999994,isoSurface,Schrage,grid3
67.36,3.5946446000000005,plicRDF,implicitGrad,grid1
67.36,3.5940392999999995,isoSurface,implicitGrad,grid1
67.36,3.5933894000000004,isoSurface,explicitGrad,grid2
67.36,3.594024000000001,isoSurface,explicitGrad,grid1
67.36,3.5938968999999994,plicRDF,Schrage,grid2
67.36,3.5932549000000003,isoSurface,implicitGrad,grid2
67.36,3.5934925000000013,plicRDF,implicitGrad,grid3
67.36,3.5951945000000003,plicRDF,explicitGrad,grid2
67.36,3.593341299999999,plicRDF,Schrage,grid3
67.36,3.5929035000000007,isoSurface,implicitGrad,grid3
67.36,3.5959377999999993,plicRDF,Schrage,grid1
67.36,3.5933350999999996,isoSurface,Schrage,grid2
67.36,3.5961976999999994,plicRDF,explicitGrad,grid3
67.36,3.5954323,plicRDF,explicitGrad,grid1
67.36,3.5931716,isoSurface,explicitGrad,grid3
67.36,3.593881399999999,plicRDF,implicitGrad,grid2
68.36,3.6229460000000016,plicRDF,Schrage,grid1
68.36,3.6203922999999993,isoSurface,Schrage,grid2
68.36,3.6218131999999996,plicRDF,explicitGrad,grid2
68.36,3.6209287999999997,isoSurface,implicitGrad,grid1
68.36,3.6198422000000003,isoSurface,Schrage,grid3
68.36,3.622561900000001,isoSurface,Schrage,grid1
68.36,3.6209978999999994,isoSurface,explicitGrad,grid1
68.36,3.6210959000000007,plicRDF,implicitGrad,grid1
68.36,3.622077199999999,plicRDF,explicitGrad,grid1
68.36,3.6196158999999994,isoSurface,implicitGrad,grid3
68.36,3.6204274000000005,plicRDF,implicitGrad,grid2
68.36,3.6198889,isoSurface,explicitGrad,grid3
68.36,3.6228266000000016,plicRDF,explicitGrad,grid3
68.36,3.6202020999999993,isoSurface,explicitGrad,grid2
68.36,3.6199936999999998,plicRDF,Schrage,grid3
68.36,3.6206973999999996,plicRDF,Schrage,grid2
68.36,3.6200527000000005,isoSurface,implicitGrad,grid2
68.36,3.6200651,plicRDF,implicitGrad,grid3
69.36,3.648461899999999,plicRDF,explicitGrad,grid1
69.36,3.648356399999999,isoSurface,Schrage,grid1
69.36,3.6458690000000007,isoSurface,implicitGrad,grid3
69.36,3.6465986000000004,isoSurface,explicitGrad,grid2
69.36,3.6481982000000004,plicRDF,explicitGrad,grid2
69.36,3.646143300000001,isoSurface,explicitGrad,grid3
69.36,3.6487409000000004,plicRDF,Schrage,grid1
69.36,3.646839300000001,plicRDF,Schrage,grid2
69.36,3.6472285999999987,isoSurface,explicitGrad,grid1
69.36,3.6492035999999994,plicRDF,explicitGrad,grid3
69.36,3.6464559,isoSurface,implicitGrad,grid2
69.36,3.6464637,plicRDF,implicitGrad,grid3
69.36,3.6463124999999987,plicRDF,Schrage,grid3
69.36,3.6471702000000006,isoSurface,implicitGrad,grid1
69.36,3.6465342000000005,isoSurface,Schrage,grid2
69.36,3.6475001,plicRDF,implicitGrad,grid1
69.36,3.6460165000000013,isoSurface,Schrage,grid3
69.36,3.6468279999999997,plicRDF,implicitGrad,grid2
70.36,3.6730411999999992,plicRDF,implicitGrad,grid2
70.36,3.672981200000001,plicRDF,Schrage,grid2
70.36,3.6721977999999993,isoSurface,implicitGrad,grid3
70.36,3.672409000000001,isoSurface,Schrage,grid3
70.36,3.6754485999999993,plicRDF,explicitGrad,grid3
70.36,3.672565199999999,plicRDF,Schrage,grid3
70.36,3.6726178,isoSurface,implicitGrad,grid2
70.36,3.6726518999999995,plicRDF,implicitGrad,grid3
70.36,3.672754,isoSurface,explicitGrad,grid2
70.36,3.6733892000000012,isoSurface,implicitGrad,grid1
70.36,3.6724711999999995,isoSurface,explicitGrad,grid3
70.36,3.6741512999999997,isoSurface,Schrage,grid1
70.36,3.6726251000000003,isoSurface,Schrage,grid2
70.36,3.6737167999999993,plicRDF,implicitGrad,grid1
70.36,3.6746594000000004,plicRDF,explicitGrad,grid1
70.36,3.674535800000001,plicRDF,Schrage,grid1
70.36,3.6743959000000004,plicRDF,explicitGrad,grid2
70.36,3.673434900000001,isoSurface,explicitGrad,grid1
71.36,3.6986235999999995,isoSurface,implicitGrad,grid2
71.36,3.6981301000000006,isoSurface,implicitGrad,grid3
71.36,3.7004647999999993,plicRDF,explicitGrad,grid2
71.36,3.6999461999999985,isoSurface,Schrage,grid1
71.36,3.700673799999999,plicRDF,explicitGrad,grid1
71.36,3.6984121,isoSurface,explicitGrad,grid3
71.36,3.6991231,plicRDF,Schrage,grid2
71.36,3.6994247000000002,isoSurface,implicitGrad,grid1
71.36,3.6987458,isoSurface,Schrage,grid2
71.36,3.6990709999999987,plicRDF,implicitGrad,grid2
71.36,3.6997499,plicRDF,implicitGrad,grid1
71.36,3.6982834,isoSurface,Schrage,grid3
71.36,3.698762299999999,isoSurface,explicitGrad,grid2
71.36,3.6985257999999996,plicRDF,Schrage,grid3
71.36,3.6994578000000002,isoSurface,explicitGrad,grid1
71.36,3.6986752000000007,plicRDF,implicitGrad,grid3
71.36,3.701509700000001,plicRDF,explicitGrad,grid3
71.36,3.7003306999999994,plicRDF,Schrage,grid1
72.36,3.7273265000000007,plicRDF,explicitGrad,grid3
72.36,3.724478500000001,isoSurface,implicitGrad,grid2
72.36,3.726284900000001,plicRDF,explicitGrad,grid2
72.36,3.7265088000000004,plicRDF,explicitGrad,grid1
72.36,3.7246278999999998,isoSurface,explicitGrad,grid2
72.36,3.7244961999999986,plicRDF,implicitGrad,grid3
72.36,3.7240371000000003,isoSurface,implicitGrad,grid3
72.36,3.724766999999999,isoSurface,Schrage,grid2
72.36,3.7257410999999996,isoSurface,Schrage,grid1
72.36,3.7242389999999994,isoSurface,Schrage,grid3
72.36,3.7256033,plicRDF,implicitGrad,grid1
72.36,3.7261255999999996,plicRDF,Schrage,grid1
72.36,3.725280300000001,isoSurface,implicitGrad,grid1
72.36,3.7243106000000004,isoSurface,explicitGrad,grid3
72.36,3.725082800000001,plicRDF,Schrage,grid2
72.36,3.7243993,plicRDF,Schrage,grid3
72.36,3.725301100000001,isoSurface,explicitGrad,grid1
72.36,3.7248646,plicRDF,implicitGrad,grid2
73.36,3.751935400000001,plicRDF,explicitGrad,grid2
73.36,3.7498413000000004,isoSurface,Schrage,grid3
73.36,3.7502896,isoSurface,explicitGrad,grid2
73.36,3.750146599999999,isoSurface,implicitGrad,grid2
73.36,3.7499714000000006,isoSurface,explicitGrad,grid3
73.36,3.7502115999999996,isoSurface,Schrage,grid2
73.36,3.7507566000000003,isoSurface,implicitGrad,grid1
73.36,3.7507675000000016,isoSurface,explicitGrad,grid1
73.36,3.7505274000000015,plicRDF,Schrage,grid2
73.36,3.752168100000001,plicRDF,explicitGrad,grid1
73.36,3.7513249999999996,isoSurface,Schrage,grid1
73.36,3.7530269999999994,plicRDF,explicitGrad,grid3
73.36,3.751280599999999,plicRDF,implicitGrad,grid1
73.36,3.7496830000000014,isoSurface,implicitGrad,grid3
73.36,3.751920499999999,plicRDF,Schrage,grid1
73.36,3.7505301999999996,plicRDF,implicitGrad,grid2
73.36,3.7499978,plicRDF,Schrage,grid3
73.36,3.7501416,plicRDF,implicitGrad,grid3
74.36,3.775972099999999,plicRDF,Schrage,grid2
74.36,3.7756725,isoSurface,explicitGrad,grid2
74.36,3.7777154,plicRDF,Schrage,grid1
74.36,3.7767155,isoSurface,Schrage,grid1
74.36,3.7776552,plicRDF,explicitGrad,grid1
74.36,3.7758513000000002,isoSurface,implicitGrad,grid1
74.36,3.7753614999999994,isoSurface,Schrage,grid3
74.36,3.7755527999999985,isoSurface,Schrage,grid2
74.36,3.7774137999999993,plicRDF,explicitGrad,grid2
74.36,3.7784930000000005,plicRDF,explicitGrad,grid3
74.36,3.7758507,isoSurface,explicitGrad,grid1
74.36,3.7755365999999992,isoSurface,implicitGrad,grid2
74.36,3.7756281999999994,plicRDF,implicitGrad,grid3
74.36,3.7754378999999996,isoSurface,explicitGrad,grid3
74.36,3.776023500000001,plicRDF,implicitGrad,grid2
74.36,3.7755261999999994,plicRDF,Schrage,grid3
74.36,3.7767853000000016,plicRDF,implicitGrad,grid1
74.36,3.7751644999999994,isoSurface,implicitGrad,grid3
75.36,3.8008908999999997,plicRDF,Schrage,grid3
75.36,3.8016654000000005,plicRDF,Schrage,grid2
75.36,3.8038467999999988,plicRDF,explicitGrad,grid3
75.36,3.801301,plicRDF,implicitGrad,grid2
75.36,3.8010015999999998,isoSurface,implicitGrad,grid2
75.36,3.8018173999999996,isoSurface,implicitGrad,grid1
75.36,3.8030424999999997,plicRDF,explicitGrad,grid1
75.36,3.8007971999999994,isoSurface,explicitGrad,grid3
75.36,3.8019789000000004,plicRDF,implicitGrad,grid1
75.36,3.8005069,isoSurface,implicitGrad,grid3
75.36,3.8040291000000015,isoSurface,Schrage,grid1
75.36,3.8027709999999986,plicRDF,explicitGrad,grid2
75.36,3.8041796999999997,plicRDF,Schrage,grid1
75.36,3.801419,isoSurface,Schrage,grid2
75.36,3.8018967000000012,isoSurface,explicitGrad,grid1
75.36,3.8011633,isoSurface,explicitGrad,grid2
75.36,3.800768599999999,isoSurface,Schrage,grid3
75.36,3.8009286999999996,plicRDF,implicitGrad,grid3
76.36,3.826850800000001,isoSurface,explicitGrad,grid1
76.36,3.8264509,plicRDF,implicitGrad,grid2
76.36,3.8287943,plicRDF,Schrage,grid1
76.36,3.8263287,isoSurface,Schrage,grid2
76.36,3.826053400000001,isoSurface,implicitGrad,grid2
76.36,3.8258036999999985,isoSurface,Schrage,grid3
76.36,3.825881900000001,isoSurface,explicitGrad,grid3
76.36,3.8259731999999995,plicRDF,Schrage,grid3
76.36,3.827131300000001,plicRDF,implicitGrad,grid1
76.36,3.8260774000000004,plicRDF,implicitGrad,grid3
76.36,3.8266544999999987,plicRDF,Schrage,grid2
76.36,3.8256078999999996,isoSurface,implicitGrad,grid3
76.36,3.8283891999999993,isoSurface,Schrage,grid1
76.36,3.8281727,plicRDF,explicitGrad,grid1
76.36,3.8267797999999997,isoSurface,implicitGrad,grid1
76.36,3.8289751,plicRDF,explicitGrad,grid3
76.36,3.8262023999999997,isoSurface,explicitGrad,grid2
76.36,3.8279052000000005,plicRDF,explicitGrad,grid2
77.36,3.8510443000000016,isoSurface,implicitGrad,grid2
77.36,3.8532656999999992,plicRDF,Schrage,grid1
77.36,3.8509144000000006,isoSurface,explicitGrad,grid3
77.36,3.8510135,plicRDF,Schrage,grid3
77.36,3.8531464,plicRDF,explicitGrad,grid1
77.36,3.8511873000000008,isoSurface,explicitGrad,grid2
77.36,3.8518328999999993,isoSurface,explicitGrad,grid1
77.36,3.8508935,isoSurface,Schrage,grid3
77.36,3.8539961000000003,plicRDF,explicitGrad,grid3
77.36,3.8506244000000005,isoSurface,implicitGrad,grid3
77.36,3.8510454999999992,plicRDF,implicitGrad,grid3
77.36,3.8521228999999995,plicRDF,implicitGrad,grid1
77.36,3.851439400000001,plicRDF,implicitGrad,grid2
77.36,3.8528792,plicRDF,explicitGrad,grid2
77.36,3.851773599999999,isoSurface,implicitGrad,grid1
77.36,3.8511123000000005,isoSurface,Schrage,grid2
77.36,3.851437999999999,plicRDF,Schrage,grid2
77.36,3.8528606,isoSurface,Schrage,grid1
78.36,3.8756683999999995,isoSurface,explicitGrad,grid3
78.36,3.8766083000000005,isoSurface,implicitGrad,grid1
78.36,3.8787995000000004,plicRDF,explicitGrad,grid3
78.36,3.8762216,plicRDF,Schrage,grid2
78.36,3.876268799999999,plicRDF,implicitGrad,grid2
78.36,3.877961300000001,plicRDF,explicitGrad,grid1
78.36,3.875787899999999,isoSurface,Schrage,grid2
78.36,3.8755928000000006,isoSurface,Schrage,grid3
78.36,3.8758689999999993,plicRDF,implicitGrad,grid3
78.36,3.8759021000000016,isoSurface,explicitGrad,grid2
78.36,3.8766562000000016,isoSurface,explicitGrad,grid1
78.36,3.8769554000000004,plicRDF,implicitGrad,grid1
78.36,3.875394300000001,isoSurface,implicitGrad,grid3
78.36,3.875765900000001,isoSurface,implicitGrad,grid2
78.36,3.877332099999999,isoSurface,Schrage,grid1
78.36,3.875765900000001,plicRDF,Schrage,grid3
78.36,3.877737200000001,plicRDF,Schrage,grid1
78.36,3.8776943,plicRDF,explicitGrad,grid2
79.36,3.9023995,plicRDF,explicitGrad,grid2
79.36,3.900062199999999,isoSurface,implicitGrad,grid3
79.36,3.9012868000000003,isoSurface,implicitGrad,grid1
79.36,3.900917500000001,isoSurface,Schrage,grid2
79.36,3.9002827,isoSurface,Schrage,grid3
79.36,3.9035016999999996,plicRDF,explicitGrad,grid3
79.36,3.9005184999999987,plicRDF,implicitGrad,grid3
79.36,3.9018036000000014,isoSurface,Schrage,grid1
79.36,3.9012101999999995,plicRDF,Schrage,grid2
79.36,3.9008963,plicRDF,implicitGrad,grid2
79.36,3.9026204000000004,plicRDF,explicitGrad,grid1
79.36,3.9007240000000007,isoSurface,explicitGrad,grid2
79.36,3.900355299999999,isoSurface,explicitGrad,grid3
79.36,3.901323400000001,isoSurface,explicitGrad,grid1
79.36,3.9016316999999985,plicRDF,implicitGrad,grid1
79.36,3.9022087,plicRDF,Schrage,grid1
79.36,3.9005618,isoSurface,implicitGrad,grid2
79.36,3.9004433,plicRDF,Schrage,grid3
80.36,3.926275,isoSurface,Schrage,grid1
80.36,3.924997700000001,isoSurface,implicitGrad,grid2
80.36,3.9252912,isoSurface,Schrage,grid2
80.36,3.925812,isoSurface,implicitGrad,grid1
80.36,3.9249300000000003,plicRDF,Schrage,grid3
80.36,3.9250289000000014,plicRDF,implicitGrad,grid3
80.36,3.9261547999999986,plicRDF,implicitGrad,grid1
80.36,3.9256275,plicRDF,Schrage,grid2
80.36,3.9268955,plicRDF,explicitGrad,grid2
80.36,3.927126500000001,plicRDF,explicitGrad,grid1
80.36,3.9251484000000008,isoSurface,explicitGrad,grid2
80.36,3.924823299999999,isoSurface,explicitGrad,grid3
80.36,3.9279923000000005,plicRDF,explicitGrad,grid3
80.36,3.9247531999999996,isoSurface,Schrage,grid3
80.36,3.9258375000000005,isoSurface,explicitGrad,grid1
80.36,3.9266801999999994,plicRDF,Schrage,grid1
80.36,3.9245484999999998,isoSurface,implicitGrad,grid3
80.36,3.9254075999999998,plicRDF,implicitGrad,grid2
81.36,3.9495071999999998,isoSurface,explicitGrad,grid2
81.36,3.9511516,plicRDF,Schrage,grid1
81.36,3.9499983000000003,isoSurface,implicitGrad,grid1
81.36,3.9523875000000004,plicRDF,explicitGrad,grid3
81.36,3.9505507000000004,isoSurface,Schrage,grid1
81.36,3.9494471000000004,isoSurface,Schrage,grid2
81.36,3.949783499999999,plicRDF,Schrage,grid2
81.36,3.951243700000001,plicRDF,explicitGrad,grid2
81.36,3.9492369,plicRDF,Schrage,grid3
81.36,3.9500148999999998,isoSurface,explicitGrad,grid1
81.36,3.9493622,isoSurface,implicitGrad,grid2
81.36,3.949134200000001,isoSurface,explicitGrad,grid3
81.36,3.9497697000000005,plicRDF,implicitGrad,grid2
81.36,3.9488476,isoSurface,implicitGrad,grid3
81.36,3.949389300000001,plicRDF,implicitGrad,grid3
81.36,3.9514826000000003,plicRDF,explicitGrad,grid1
81.36,3.950527500000001,plicRDF,implicitGrad,grid1
81.36,3.9490052,isoSurface,Schrage,grid3
82.36,3.9735800999999995,plicRDF,implicitGrad,grid3
82.36,3.9765764,plicRDF,explicitGrad,grid3
82.36,3.9756231,plicRDF,Schrage,grid1
82.36,3.9756912,plicRDF,explicitGrad,grid1
82.36,3.9735370999999997,isoSurface,Schrage,grid2
82.36,3.974611500000001,isoSurface,Schrage,grid1
82.36,3.9747524000000007,plicRDF,implicitGrad,grid1
82.36,3.9738158999999995,isoSurface,explicitGrad,grid1
82.36,3.9754445000000005,plicRDF,explicitGrad,grid2
82.36,3.9739395000000006,plicRDF,Schrage,grid2
82.36,3.9736499,isoSurface,explicitGrad,grid2
82.36,3.973369499999999,isoSurface,explicitGrad,grid3
82.36,3.9739842999999997,plicRDF,implicitGrad,grid2
82.36,3.9730942999999996,isoSurface,implicitGrad,grid3
82.36,3.973308600000001,isoSurface,Schrage,grid3
82.36,3.973511,isoSurface,implicitGrad,grid2
82.36,3.9734895999999997,plicRDF,Schrage,grid3
82.36,3.973809699999999,isoSurface,implicitGrad,grid1
83.36,3.9970339999999993,isoSurface,implicitGrad,grid3
83.36,4.0001587999999995,plicRDF,Schrage,grid1
83.36,3.9980541000000005,plicRDF,implicitGrad,grid2
83.36,3.9975171000000005,isoSurface,implicitGrad,grid2
83.36,3.9980955,plicRDF,Schrage,grid2
83.36,3.997490700000001,plicRDF,Schrage,grid3
83.36,3.998832299999999,plicRDF,implicitGrad,grid1
83.36,3.9976317999999993,isoSurface,Schrage,grid2
83.36,3.9973144,isoSurface,explicitGrad,grid3
83.36,3.9971881000000002,isoSurface,Schrage,grid3
83.36,3.9996690999999998,isoSurface,Schrage,grid1
83.36,3.999500599999999,plicRDF,explicitGrad,grid2
83.36,3.9983987999999986,isoSurface,explicitGrad,grid1
83.36,3.999755100000001,plicRDF,explicitGrad,grid1
83.36,3.9976444,plicRDF,implicitGrad,grid3
83.36,4.0006761000000015,plicRDF,explicitGrad,grid3
83.36,3.9976587999999986,isoSurface,explicitGrad,grid2
83.36,3.9984033000000005,isoSurface,implicitGrad,grid1
84.36,4.023449900000001,plicRDF,explicitGrad,grid2
84.36,4.0222487000000005,isoSurface,implicitGrad,grid1
84.36,4.0243593,plicRDF,Schrage,grid1
84.36,4.021330099999998,isoSurface,explicitGrad,grid3
84.36,4.022193799999999,plicRDF,Schrage,grid2
84.36,4.023727300000001,plicRDF,explicitGrad,grid1
84.36,4.0245732,plicRDF,explicitGrad,grid3
84.36,4.021053900000001,isoSurface,implicitGrad,grid3
84.36,4.021507,isoSurface,implicitGrad,grid2
84.36,4.021659099999999,isoSurface,explicitGrad,grid2
84.36,4.021281799999999,isoSurface,Schrage,grid3
84.36,4.0223227999999995,isoSurface,explicitGrad,grid1
84.36,4.0239334,isoSurface,Schrage,grid1
84.36,4.0219289,plicRDF,implicitGrad,grid2
84.36,4.0215455,plicRDF,implicitGrad,grid3
84.36,4.0218465000000005,isoSurface,Schrage,grid2
84.36,4.0226187,plicRDF,implicitGrad,grid1
84.36,4.021466600000001,plicRDF,Schrage,grid3
85.36,4.047636600000001,plicRDF,Schrage,grid1
85.36,4.0454059,isoSurface,Schrage,grid2
85.36,4.0460965,isoSurface,explicitGrad,grid1
85.36,4.044679199999999,isoSurface,implicitGrad,grid3
85.36,4.047493899999999,plicRDF,explicitGrad,grid1
85.36,4.0451695,plicRDF,Schrage,grid3
85.36,4.046402,plicRDF,implicitGrad,grid1
85.36,4.046032100000001,isoSurface,implicitGrad,grid1
85.36,4.045289799999999,isoSurface,implicitGrad,grid2
85.36,4.045753200000001,plicRDF,Schrage,grid2
85.36,4.0472105,isoSurface,Schrage,grid1
85.36,4.0453243,plicRDF,implicitGrad,grid3
85.36,4.044830899999999,isoSurface,Schrage,grid3
85.36,4.0449542,isoSurface,explicitGrad,grid3
85.36,4.045436399999999,isoSurface,explicitGrad,grid2
85.36,4.048333,plicRDF,explicitGrad,grid3
85.36,4.0457092999999995,plicRDF,implicitGrad,grid2
85.36,4.0472168,plicRDF,explicitGrad,grid2
86.36,4.068927200000001,isoSurface,implicitGrad,grid2
86.36,4.069352499999999,plicRDF,implicitGrad,grid2
86.36,4.068693800000001,isoSurface,Schrage,grid3
86.36,4.068882199999999,plicRDF,Schrage,grid3
86.36,4.071123500000001,plicRDF,explicitGrad,grid1
86.36,4.0684473,isoSurface,implicitGrad,grid3
86.36,4.0709138000000005,plicRDF,Schrage,grid1
86.36,4.0700479,plicRDF,implicitGrad,grid1
86.36,4.0693126,plicRDF,Schrage,grid2
86.36,4.0708467,plicRDF,explicitGrad,grid2
86.36,4.072004300000001,plicRDF,explicitGrad,grid3
86.36,4.0690672999999995,isoSurface,explicitGrad,grid2
86.36,4.0687242999999995,isoSurface,explicitGrad,grid3
86.36,4.068956999999999,isoSurface,Schrage,grid2
86.36,4.069680099999999,isoSurface,implicitGrad,grid1
86.36,4.068945400000001,plicRDF,implicitGrad,grid3
86.36,4.0704877,isoSurface,Schrage,grid1
86.36,4.0697341,isoSurface,explicitGrad,grid1
87.36,4.093765,isoSurface,Schrage,grid1
87.36,4.0919725,isoSurface,Schrage,grid3
87.36,4.0946184,plicRDF,explicitGrad,grid1
87.36,4.092295699999999,isoSurface,explicitGrad,grid2
87.36,4.092294300000001,plicRDF,Schrage,grid3
87.36,4.0922388000000005,isoSurface,Schrage,grid2
87.36,4.093236899999999,isoSurface,explicitGrad,grid1
87.36,4.095488799999999,plicRDF,explicitGrad,grid3
87.36,4.092871999999999,plicRDF,Schrage,grid2
87.36,4.091820099999999,isoSurface,implicitGrad,grid3
87.36,4.092448499999999,plicRDF,implicitGrad,grid3
87.36,4.093193199999999,isoSurface,implicitGrad,grid1
87.36,4.0920912000000005,isoSurface,explicitGrad,grid3
87.36,4.094341799999999,plicRDF,explicitGrad,grid2
87.36,4.0928607999999995,plicRDF,implicitGrad,grid2
87.36,4.094190999999999,plicRDF,Schrage,grid1
87.36,4.092156200000001,isoSurface,implicitGrad,grid2
87.36,4.0935589000000006,plicRDF,implicitGrad,grid1
88.36,4.116573600000001,isoSurface,implicitGrad,grid1
88.36,4.1165270000000005,plicRDF,Schrage,grid2
88.36,4.1155726,isoSurface,explicitGrad,grid3
88.36,4.1152951,isoSurface,implicitGrad,grid3
88.36,4.117042199999998,isoSurface,Schrage,grid1
88.36,4.1161861,plicRDF,implicitGrad,grid2
88.36,4.1157987,plicRDF,implicitGrad,grid3
88.36,4.116607199999999,isoSurface,explicitGrad,grid1
88.36,4.1155656999999986,isoSurface,Schrage,grid3
88.36,4.115751700000001,isoSurface,implicitGrad,grid2
88.36,4.115757800000001,plicRDF,Schrage,grid3
88.36,4.117468200000001,plicRDF,Schrage,grid1
88.36,4.1179809999999994,plicRDF,explicitGrad,grid1
88.36,4.1169372000000015,plicRDF,implicitGrad,grid1
88.36,4.116169099999999,isoSurface,Schrage,grid2
88.36,4.117740500000001,plicRDF,explicitGrad,grid2
88.36,4.118889700000001,plicRDF,explicitGrad,grid3
88.36,4.115905500000001,isoSurface,explicitGrad,grid2
89.36,4.139814599999999,isoSurface,explicitGrad,grid1
89.36,4.1394244,plicRDF,implicitGrad,grid2
89.36,4.1387373,isoSurface,explicitGrad,grid3
89.36,4.1401851,plicRDF,implicitGrad,grid1
89.36,4.138992299999999,isoSurface,implicitGrad,grid2
89.36,4.1409658,plicRDF,explicitGrad,grid2
89.36,4.1384669999999995,isoSurface,implicitGrad,grid3
89.36,4.1395186000000015,plicRDF,Schrage,grid2
89.36,4.139035499999999,plicRDF,implicitGrad,grid3
89.36,4.140745399999999,plicRDF,Schrage,grid1
89.36,4.1386251000000005,isoSurface,Schrage,grid3
89.36,4.141213300000001,plicRDF,explicitGrad,grid1
89.36,4.139160699999999,isoSurface,Schrage,grid2
89.36,4.138886100000001,plicRDF,Schrage,grid3
89.36,4.1402823,isoSurface,Schrage,grid1
89.36,4.139140899999999,isoSurface,explicitGrad,grid2
89.36,4.1421081,plicRDF,explicitGrad,grid3
89.36,4.139791099999999,isoSurface,implicitGrad,grid1
90.36,4.1652464999999985,plicRDF,explicitGrad,grid3
90.36,4.1625102,plicRDF,Schrage,grid2
90.36,4.1625022000000005,isoSurface,implicitGrad,grid1
90.36,4.1640630000000005,plicRDF,explicitGrad,grid2
90.36,4.161916199999999,isoSurface,Schrage,grid3
90.36,4.1621523,isoSurface,Schrage,grid2
90.36,4.162104799999999,isoSurface,implicitGrad,grid2
90.36,4.162534600000001,plicRDF,implicitGrad,grid2
90.36,4.162248200000001,isoSurface,explicitGrad,grid2
90.36,4.164022699999999,plicRDF,Schrage,grid1
90.36,4.1621249,plicRDF,implicitGrad,grid3
90.36,4.161614999999999,isoSurface,implicitGrad,grid3
90.36,4.164317700000001,plicRDF,explicitGrad,grid1
90.36,4.162517800000001,isoSurface,explicitGrad,grid1
90.36,4.163304700000001,plicRDF,implicitGrad,grid1
90.36,4.1621119,plicRDF,Schrage,grid3
90.36,4.1631447999999995,isoSurface,Schrage,grid1
90.36,4.1618935,isoSurface,explicitGrad,grid3
91.36,4.185388100000001,isoSurface,explicitGrad,grid1
91.36,4.1872961,plicRDF,explicitGrad,grid1
91.36,4.1862981,plicRDF,implicitGrad,grid1
91.36,4.184591799999999,isoSurface,implicitGrad,grid3
91.36,4.185501799999999,plicRDF,Schrage,grid2
91.36,4.184761399999999,isoSurface,Schrage,grid3
91.36,4.188207700000001,plicRDF,explicitGrad,grid3
91.36,4.184809400000002,isoSurface,implicitGrad,grid2
91.36,4.184947600000001,isoSurface,explicitGrad,grid2
91.36,4.184865099999999,isoSurface,explicitGrad,grid3
91.36,4.184963499999999,plicRDF,Schrage,grid3
91.36,4.185381600000001,isoSurface,implicitGrad,grid1
91.36,4.187299899999999,plicRDF,Schrage,grid1
91.36,4.185518800000001,plicRDF,implicitGrad,grid2
91.36,4.187034399999999,plicRDF,explicitGrad,grid2
91.36,4.185104100000001,plicRDF,implicitGrad,grid3
91.36,4.184864299999999,isoSurface,Schrage,grid2
91.36,4.186333299999999,isoSurface,Schrage,grid1
92.36,4.2090290999999995,plicRDF,implicitGrad,grid1
92.36,4.2077045,isoSurface,explicitGrad,grid3
92.36,4.209132900000001,isoSurface,explicitGrad,grid1
92.36,4.208331500000001,plicRDF,implicitGrad,grid2
92.36,4.2110718,plicRDF,Schrage,grid1
92.36,4.2090526,isoSurface,implicitGrad,grid1
92.36,4.208214600000001,isoSurface,explicitGrad,grid2
92.36,4.208062999999999,isoSurface,implicitGrad,grid2
92.36,4.2074243,isoSurface,implicitGrad,grid3
92.36,4.207760599999999,isoSurface,Schrage,grid3
92.36,4.2110929,plicRDF,explicitGrad,grid3
92.36,4.211046599999999,isoSurface,Schrage,grid1
92.36,4.2099187,plicRDF,explicitGrad,grid2
92.36,4.2079607,plicRDF,Schrage,grid3
92.36,4.207940700000001,plicRDF,implicitGrad,grid3
92.36,4.2102105,plicRDF,explicitGrad,grid1
92.36,4.208571799999999,isoSurface,Schrage,grid2
92.36,4.2087788,plicRDF,Schrage,grid2
93.36,4.2305454,plicRDF,Schrage,grid3
93.36,4.230434399999999,isoSurface,explicitGrad,grid3
93.36,4.231371999999999,isoSurface,implicitGrad,grid1
93.36,4.2307699,isoSurface,explicitGrad,grid2
93.36,4.230867,isoSurface,Schrage,grid2
93.36,4.233271099999999,plicRDF,Schrage,grid1
93.36,4.2303456,isoSurface,Schrage,grid3
93.36,4.2328243,isoSurface,Schrage,grid1
93.36,4.231444200000001,isoSurface,explicitGrad,grid1
93.36,4.2310628999999995,plicRDF,implicitGrad,grid2
93.36,4.232637499999999,plicRDF,explicitGrad,grid2
93.36,4.2317631,plicRDF,implicitGrad,grid1
93.36,4.2306182,isoSurface,implicitGrad,grid2
93.36,4.233805200000001,plicRDF,explicitGrad,grid3
93.36,4.230156900000002,isoSurface,implicitGrad,grid3
93.36,4.2312352,plicRDF,Schrage,grid2
93.36,4.2306707,plicRDF,implicitGrad,grid3
93.36,4.232928900000001,plicRDF,explicitGrad,grid1
94.36,4.2536743999999995,plicRDF,implicitGrad,grid2
94.36,4.2531264,isoSurface,explicitGrad,grid3
94.36,4.256445599999999,plicRDF,explicitGrad,grid3
94.36,4.255527600000001,plicRDF,explicitGrad,grid1
94.36,4.253262799999999,plicRDF,implicitGrad,grid3
94.36,4.254377099999999,plicRDF,implicitGrad,grid1
94.36,4.255018399999999,isoSurface,Schrage,grid1
94.36,4.253287,plicRDF,Schrage,grid3
94.36,4.255236600000001,plicRDF,explicitGrad,grid2
94.36,4.2533175000000005,isoSurface,Schrage,grid2
94.36,4.2531818999999995,isoSurface,Schrage,grid3
94.36,4.252846900000001,isoSurface,implicitGrad,grid3
94.36,4.255465200000001,plicRDF,Schrage,grid1
94.36,4.253378699999999,isoSurface,explicitGrad,grid2
94.36,4.253685700000001,plicRDF,Schrage,grid2
94.36,4.253988100000001,isoSurface,implicitGrad,grid1
94.36,4.2540507,isoSurface,explicitGrad,grid1
94.36,4.253232000000001,isoSurface,implicitGrad,grid2
95.36,4.275444500000002,isoSurface,Schrage,grid3
95.36,4.277717600000001,plicRDF,explicitGrad,grid2
95.36,4.275648200000001,plicRDF,Schrage,grid3
95.36,4.276873100000001,plicRDF,implicitGrad,grid1
95.36,4.2780085,plicRDF,explicitGrad,grid1
95.36,4.276539199999999,isoSurface,explicitGrad,grid1
95.36,4.2757514,plicRDF,implicitGrad,grid3
95.36,4.275510099999999,isoSurface,explicitGrad,grid3
95.36,4.275230900000001,isoSurface,implicitGrad,grid3
95.36,4.276167900000001,plicRDF,implicitGrad,grid2
95.36,4.278916799999999,plicRDF,explicitGrad,grid3
95.36,4.275620600000001,isoSurface,implicitGrad,grid2
95.36,4.2776593,plicRDF,Schrage,grid1
95.36,4.276486000000001,isoSurface,implicitGrad,grid1
95.36,4.2757613,isoSurface,explicitGrad,grid2
95.36,4.276136200000001,plicRDF,Schrage,grid2
95.36,4.2772125,isoSurface,Schrage,grid1
95.36,4.2756625,isoSurface,Schrage,grid2
96.36,4.298114,isoSurface,Schrage,grid2
96.36,4.2974907999999985,isoSurface,implicitGrad,grid3
96.36,4.300156700000001,plicRDF,explicitGrad,grid2
96.36,4.2985867,plicRDF,Schrage,grid2
96.36,4.2977774,isoSurface,explicitGrad,grid3
96.36,4.299252699999999,plicRDF,implicitGrad,grid1
96.36,4.298911500000001,isoSurface,explicitGrad,grid1
96.36,4.3003732,plicRDF,explicitGrad,grid1
96.36,4.298545200000001,plicRDF,implicitGrad,grid2
96.36,4.2981240000000005,plicRDF,implicitGrad,grid3
96.36,4.297995300000001,isoSurface,implicitGrad,grid2
96.36,4.298867700000001,isoSurface,implicitGrad,grid1
96.36,4.299406599999999,isoSurface,Schrage,grid1
96.36,4.2976527,isoSurface,Schrage,grid3
96.36,4.2979649,plicRDF,Schrage,grid3
96.36,4.2981408000000005,isoSurface,explicitGrad,grid2
96.36,4.299853399999999,plicRDF,Schrage,grid1
96.36,4.301321799999999,plicRDF,explicitGrad,grid3
97.36,4.320454700000001,isoSurface,explicitGrad,grid2
97.36,4.3226237,plicRDF,explicitGrad,grid1
97.36,4.320361600000001,plicRDF,implicitGrad,grid3
97.36,4.321600699999999,isoSurface,Schrage,grid1
97.36,4.321044400000001,plicRDF,Schrage,grid2
97.36,4.321169399999999,isoSurface,explicitGrad,grid1
97.36,4.3211348,isoSurface,implicitGrad,grid1
97.36,4.319835100000001,isoSurface,implicitGrad,grid3
97.36,4.3202996,isoSurface,implicitGrad,grid2
97.36,4.320757799999999,plicRDF,implicitGrad,grid2
97.36,4.3215178,plicRDF,implicitGrad,grid1
97.36,4.3235581000000005,plicRDF,explicitGrad,grid3
97.36,4.3202888,plicRDF,Schrage,grid3
97.36,4.3206668,isoSurface,Schrage,grid2
97.36,4.3220475,plicRDF,Schrage,grid1
97.36,4.3223696,plicRDF,explicitGrad,grid2
97.36,4.320115200000001,isoSurface,explicitGrad,grid3
97.36,4.3200812,isoSurface,Schrage,grid3
98.36,4.343670199999999,plicRDF,implicitGrad,grid1
98.36,4.342901500000001,plicRDF,implicitGrad,grid2
98.36,4.343241400000001,isoSurface,explicitGrad,grid1
98.36,4.3437156,isoSurface,Schrage,grid1
98.36,4.342595900000001,isoSurface,explicitGrad,grid2
98.36,4.342347499999999,plicRDF,Schrage,grid3
98.36,4.3424455,isoSurface,implicitGrad,grid2
98.36,4.344501200000001,plicRDF,explicitGrad,grid2
98.36,4.342601100000001,isoSurface,Schrage,grid2
98.36,4.3420059,isoSurface,Schrage,grid3
98.36,4.3447616999999985,plicRDF,explicitGrad,grid1
98.36,4.3425039000000005,plicRDF,implicitGrad,grid3
98.36,4.3429787,plicRDF,Schrage,grid2
98.36,4.3456832,plicRDF,explicitGrad,grid3
98.36,4.343213400000002,isoSurface,implicitGrad,grid1
98.36,4.341846599999999,isoSurface,implicitGrad,grid3
98.36,4.342120999999999,isoSurface,explicitGrad,grid3
98.36,4.3442416,plicRDF,Schrage,grid1
99.36,4.364934200000001,plicRDF,implicitGrad,grid2
99.36,4.364912999999999,plicRDF,Schrage,grid2
99.36,4.3644834,plicRDF,Schrage,grid3
99.36,4.364264200000001,isoSurface,explicitGrad,grid3
99.36,4.3657115,plicRDF,implicitGrad,grid1
99.36,4.3667888,plicRDF,explicitGrad,grid1
99.36,4.3648643,isoSurface,explicitGrad,grid1
99.36,4.364271500000001,isoSurface,Schrage,grid3
99.36,4.3665219,plicRDF,explicitGrad,grid2
99.36,4.364480500000001,isoSurface,implicitGrad,grid2
99.36,4.367743,plicRDF,explicitGrad,grid3
99.36,4.3645353,isoSurface,Schrage,grid2
99.36,4.366435699999999,plicRDF,Schrage,grid1
99.36,4.3646261,isoSurface,explicitGrad,grid2
99.36,4.365494400000001,isoSurface,Schrage,grid1
99.36,4.364845899999999,isoSurface,implicitGrad,grid1
99.36,4.3639829,isoSurface,implicitGrad,grid3
99.36,4.364516200000001,plicRDF,implicitGrad,grid3
